From,Subject,Body,IsPhishing
"[('Mail System Internal Data', 'MAILER-DAEMON@monkey.org')]",DON'T DELETE THIS MESSAGE -- FOLDER INTERNAL DATA,"{'automatically': 1, 'created': 2, 'data': 2, 'deleted': 1, 'folder': 2, 'format': 1, 'important': 1, 'initial': 1, 'internal': 1, 'lost': 1, 'mail': 2, 'message': 1, 'real': 1, 'reset': 1, 'software': 1, 'text': 1, 'values': 1}",1
"[('', 'shipment@fedex.com')]",✈ FedEx © Shipment Notification 384789299,"{'2021': 1, '32': 1, '384789299fedex': 1, '41': 1, '48': 1, '53': 1, 'charged': 1, 'click': 1, 'com': 1, 'cost': 3, 'costs': 1, 'customer': 1, 'dear': 1, 'domestic': 1, 'en': 1, 'fedex': 2, 'fr': 1, 'handling': 1, 'hours': 1, 'https': 1, 'mail_boundary': 1, 'office': 1, 'package': 2, 'paid': 1, 'pay': 1, 'payment': 1, 'period': 1, 'reason': 1, 'recover': 1, 'return': 1, 'returned': 2, 'sender': 1, 'shipment': 2, 'shipping': 2, 'status': 1, 'support': 1, 'team': 1, 'tracking': 1, 'usd': 1, 'view': 1}",1
"[('DocuSign via DocuSign', 'DocuSign@monkey.org')]",Please DocuSign: Offer20201116-0740974_jose.pdf,"{'0740974_jose': 1, 'app': 1, 'binding': 1, 'completed': 3, 'digital': 1, 'document': 2, 'documents': 1, 'docusign': 3, 'docusignsign': 1, 'download': 1, 'electronically': 1, 'globe': 1, 'home': 1, 'just': 1, 'legally': 1, 'management': 1, 'minutes': 1, 'offer20201116': 1, 'office': 1, 'pdf': 1, 'professional': 1, 'provides': 1, 'safe': 1, 'secure': 1, 'signers': 1, 'solution': 1, 'transaction': 1, 'trusted': 1, 'view': 1}",1
"[('Support', 'info@baliyev.com')]",New Recording [13913670],"{'00': 2, '20': 2, '2021': 2, '32': 2, '35': 2, '6kb': 2, '800': 2, '8767': 2, '90': 2, '900': 2, '908': 2, '987': 2, 'an32': 2, 'app': 2, 'click': 4, 'contact': 2, 'details': 2, 'error': 2, 'html': 2, 'https': 2, 'jan': 2, 'jose': 2, 'length': 2, 'list': 2, 'mail': 4, 'mail_boundary': 1, 'mayaadri': 2, 'message': 3, 'mon': 2, 'monkey': 2, 'new': 3, 'org': 2, 'play': 2, 'received': 2, 'receiving': 2, 'recived': 2, 'saklncsao': 2, 'sent': 2, 'spam': 2, 'voice': 4, 'voicemail': 2, 'web': 2}",1
"[('Support', 'info@baliyev.com')]",New Recording [13913670],"{'01': 4, '0sec': 2, '12': 2, '2021': 1, '2021duration': 1, '24': 2, '328': 2, '701': 2, '9010': 1, '9010date': 1, 'an32': 1, 'app': 1, 'caller': 4, 'date': 1, 'directory': 2, 'duration': 1, 'email': 2, 'hours': 2, 'html': 1, 'https': 1, 'id': 2, 'jose': 5, 'just': 2, 'left': 2, 'link': 2, 'listen': 2, 'mail_boundary': 1, 'mayaadri': 1, 'message': 4, 'messąge': 2, 'mkasiwas': 1, 'monkey': 5, 'org': 4, 'orgyour': 1, 'sent': 2, 'voice': 2, 'web': 1}",1
"[('Support', 'info@baliyev.com')]",New Recording [13913670],"{'01': 4, '0sec': 2, '12': 2, '2021': 1, '2021duration': 1, '24': 2, '328': 2, '701': 2, '9010': 1, '9010date': 1, 'an32': 1, 'app': 1, 'caller': 4, 'date': 1, 'directory': 2, 'duration': 1, 'email': 2, 'hours': 2, 'html': 1, 'https': 1, 'id': 2, 'jose': 5, 'just': 2, 'left': 2, 'link': 2, 'listen': 2, 'mail_boundary': 1, 'mayaadri': 1, 'message': 4, 'messąge': 2, 'mkasiwas': 1, 'monkey': 5, 'org': 4, 'orgyour': 1, 'sent': 2, 'voice': 2, 'web': 1}",1
"[('Fidelity Investments.', 'bcornett@pacific.net')]",Service Suspension Notification.,"{'account': 1, 'attach': 1, 'best': 1, 'blocked': 1, 'complete': 1, 'customer': 1, 'dear': 1, 'download': 1, 'fidelity': 1, 'file': 1, 'information': 1, 'invalid': 1, 'login': 1, 'notification': 1, 'prevent': 1, 'process': 1, 'quested': 1, 'reason': 1, 'regards': 1, 'securty': 1, 'service': 1, 'suspended': 1, 'suspension': 1, 'team': 1, 'verification': 1}",1
"[('Notificados.com', 'notificacion@notificados.com')]",Envio de Burofax Online - ultima advertencia - [ id 77106725  ],"{'01': 1, '02': 2, '06': 1, '07': 1, '128': 1, '20': 2, '2021': 2, '25': 1, '28006': 1, '48': 1, 'abogados': 1, 'adjuntos': 1, 'archivos': 1, 'burofax': 1, 'calle': 1, 'com': 1, 'comunicaciones': 1, 'da': 1, 'del': 1, 'departamento': 1, 'descargar': 1, 'document': 1, 'dogaria': 1, 'envio': 1, 'febrero': 1, 'fecha': 1, 'fehacientes': 1, 'hora': 1, 'hs': 1, 'juridico': 1, 'kb': 1, 'lima': 1, 'madrid': 2, 'martes': 1, 'notificados': 2, 'numero': 1, 'online': 1, 'paginas': 1, 'remitente': 1, 'todos': 1, 'verdu': 1, 'vinar': 1, 'www': 1}",1
"[('Ministerio del Interior', 'notificaciones@interior.gob.es')]",Multa no pagada - bloque de vehiculos - [ id 990013050  ],"{'01': 1, '02': 1, '03': 1, '11': 1, '12': 1, '2021': 2, 'abra': 1, 'atencion': 1, 'copyright': 1, 'cordiales': 1, 'derechos': 1, 'dgt': 1, 'en': 2, 'ha': 1, 'identificado': 1, 'la': 2, 'los': 1, 'multa': 3, 'notificacion': 1, 'notificacionvisite': 1, 'nuestro': 1, 'pagadadirigida': 1, 'para': 2, 'pendiente': 2, 'reservados': 1, 'saludos': 1, 'se': 1, 'sistema': 2, 'su': 1, 'tienes': 1, 'todos': 1, 'trafico': 1, 'una': 2, 'usted': 1, 'v5': 1, 'vehiculo': 1, 'ver': 2, 'version': 1, 'windows': 1}",1
"[('Wellsfargo.', 'info@cargoholdinc.com')]",Your Wells Fargo® monthly statement is available.,"{'attached': 1, 'available': 1, 'card': 1, 'complete': 1, 'customer': 1, 'dear': 1, 'debit': 1, 'download': 1, 'fargo': 2, 'file': 1, 'information': 1, 'monthly': 1, 'pin': 1, 'process': 1, 'requested': 1, 'required': 1, 'statement': 1, 'team': 1, 'thanks': 1, 'view': 1, 'wells': 2}",1
"[('monkey.org', 'admin@726.eryfj.ml')]",Unusual sign-in-activity 2/4/2021 1:36:45 a.m. (EDT).,"{'02': 1, '04': 1, '10': 1, '140': 1, '2021': 1, '41': 1, '59': 1, '701': 1, '81': 1, '92': 1, '922': 1, 'account': 4, 'activity': 5, 'address': 1, 'browser': 1, 'change': 1, 'click': 1, 'country': 1, 'date': 1, 'details': 1, 'detected': 1, 'future': 1, 'gmt': 1, 'gmx': 1, 'help': 1, 'ios': 1, 'ip': 1, 'jose': 1, 'know': 1, 'let': 1, 'll': 2, 'monkey': 4, 'mozilla': 1, 'notifications': 1, 'nt': 1, 'opt': 1, 'org': 4, 'page': 1, 'platform': 1, 'receive': 1, 'recent': 3, 'region': 1, 'review': 1, 'rv': 1, 'secure': 1, 'security': 1, 'sg': 1, 'sign': 4, 'similar': 1, 'singapore': 1, 'team': 1, 'thanks': 1, 'trust': 1, 'unusual': 3, 'wasn': 1, 'win64': 1, 'windows': 1, 'x64': 1}",1
"[('Ministerio del Interior', 'notificaciones@interior.gob.es')]",Multa no pagada - bloque de vehiculos - [ id 628273011  ],"{'02': 1, '04': 1, '07': 1, '2021': 2, '28': 1, '55': 1, 'abra': 1, 'atencion': 1, 'copyright': 1, 'cordiales': 1, 'derechos': 1, 'dgt': 1, 'en': 2, 'ha': 1, 'identificado': 1, 'la': 2, 'los': 1, 'multa': 3, 'notificacion': 1, 'notificacionvisite': 1, 'nuestro': 1, 'pagadadirigida': 1, 'para': 2, 'pendiente': 2, 'reservados': 1, 'saludos': 1, 'se': 1, 'sistema': 2, 'su': 1, 'tienes': 1, 'todos': 1, 'trafico': 1, 'una': 2, 'usted': 1, 'v5': 1, 'vehiculo': 1, 'ver': 2, 'version': 1, 'windows': 1}",1
"[('Standard Bank', 'statement@standardbank.co.za')]",Standard Bank Account eStatement 2021-02-11,"{'000738': 2, '06': 2, '0861': 2, '0861201311': 1, '0861201311our': 1, '1962': 2, '201': 2, '30': 2, '311': 2, '4pm': 2, '8am': 3, '9pm': 2, 'accepts': 2, 'access': 2, 'account': 2, 'acrobat': 2, 'addressee': 4, 'adobe': 4, 'advise': 2, 'africa': 2, 'arising': 2, 'asking': 2, 'attached': 2, 'attaching': 2, 'attachments': 4, 'authorised': 2, 'bank': 16, 'block': 2, 'change': 2, 'claiming': 2, 'clearly': 4, 'com': 2, 'communication': 2, 'confidential': 4, 'confidentiality': 2, 'contact': 2, 'context': 2, 'copyright': 2, 'cp15': 2, 'credit': 2, 'customer': 2, 'damages': 2, 'days': 2, 'dear': 2, 'delete': 2, 'disclaimer': 2, 'disclose': 2, 'displayed': 2, 'does': 2, 'doubts': 2, 'download': 2, 'effect': 2, 'electronic': 2, 'email': 18, 'emails': 2, 'errors': 2, 'estatement': 10, 'expressed': 2, 'features': 2, 'february': 2, 'financial': 4, 'following': 2, 'forward': 2, 'free': 4, 'friday': 1, 'fridayand': 1, 'from8am': 1, 'group': 14, 'hereto': 2, 'holidays': 2, 'howsoever': 2, 'immediately': 4, 'incorrect': 2, 'incurred': 2, 'indicates': 2, 'information': 10, 'instruction': 2, 'integrity': 2, 'intended': 2, 'interception': 2, 'interference': 2, 'kindly': 2, 'know': 2, 'legitimacy': 2, 'liability': 2, 'limited': 6, 'lines': 2, 'loss': 2, 'mail': 2, 'mail_boundary': 1, 'manner': 2, 'mistake': 2, 'monday': 2, 'ncr': 2, 'need': 2, 'note': 4, 'notify': 2, 'open': 4, 'opinions': 2, 'phishing': 2, 'private': 2, 'prompted': 2, 'property': 2, 'provider': 4, 'public': 2, 'queries': 2, 'receipt': 2, 'receive': 6, 'reg': 2, 'regards': 2, 'registered': 2, 'reserved': 2, 'resulting': 2, 'rights': 4, 'safe': 2, 'security': 2, 'send': 2, 'sender': 4, 'services': 2, 'software': 2, 'south': 2, 'standard': 16, 'standardbank': 4, 'stated': 2, 'statement': 4, 'subsidiaries': 2, 'suffered': 2, 'sure': 2, 'thirty': 2, 'unless': 4, 'update': 2, 'use': 4, 'verification': 2, 'views': 2, 'viruses': 2, 'warrant': 2, 'weekends': 2, 'whatsoever': 6, 'wish': 2, 'writing': 2, 'www': 2, 'za': 3, 'zafor': 1}",1
"[('monkey.org', 'noreply@monkey.org')]",Notification - MailBox has (3) Pending emails,"{'12': 1, '2021': 1, '28': 1, '44': 1, 'caused': 1, 'delay': 1, 'emails': 1, 'hi': 1, 'jose': 1, 'mail': 1, 'messages': 1, 'monkey': 2, 'notification': 1, 'org': 2, 'pending': 1, 'rectify': 1, 'saver': 1, 'source': 1, 'support': 1, 'unreceived': 1, 'view': 1}",1
"[('monkey.org', 'noreply@monkey.org')]",Notification - MailBox has (3) Pending emails,"{'05': 1, '13': 1, '14': 1, '2021': 1, 'caused': 1, 'delay': 1, 'emails': 1, 'hi': 1, 'jose': 1, 'mail': 1, 'messages': 1, 'monkey': 2, 'notification': 1, 'org': 2, 'pending': 1, 'rectify': 1, 'saver': 1, 'source': 1, 'support': 1, 'unreceived': 1, 'view': 1}",1
"[('monkey.org Mail Server', 'info@supercynic.live')]",Email Service Upgrade,"{'2021': 1, 'account': 3, 'advised': 1, 'announce': 1, 'best': 1, 'dear': 1, 'delivery': 1, 'email': 5, 'enable': 1, 'enjoy': 1, 'features': 1, 'happy': 1, 'hi': 1, 'highly': 1, 'jose': 1, 'kindly': 1, 'mail_boundary': 1, 'monkey': 2, 'new': 2, 'order': 1, 'org': 2, 'ready': 1, 'regards': 1, 'server': 1, 'service': 1, 'services': 2, 'thanks': 1, 'trusting': 1, 'upgade': 1, 'upgrade': 3, 'upgraded': 1}",1
"[('monkey.org Admin', 'bhvkkpk@piac.aero')]",Password for jose@monkey.org expires today 28/02/2021,"{'02': 1, '2021': 2, '24': 1, '28': 1, 'app': 1, 'change': 1, 'continue': 1, 'current': 2, 'dear': 1, 'email': 1, 'expires': 1, 'jose': 2, 'mailbox': 1, 'monkey': 4, 'org': 4, 'password': 4, 'reserved': 1, 'rights': 1, 'support': 2, 'team': 1, 'today': 1, 'using': 1, 'verification': 1, 'web': 1}",1
"[('Nedbank Credit Card monthly eStatement', 'consumerstatements@nedbankestatements.com')]",Nedbank Credit Card monthly Charges eStatement,"{'000009': 2, '011': 2, '06': 2, '135': 2, '1951': 2, '2196': 2, '4320116074': 2, '4710': 2, '710': 2, 'account': 4, 'act': 2, 'adobe': 6, 'africa': 4, 'alert': 2, 'alternatively': 2, 'association': 2, 'attached': 2, 'authorised': 2, 'banking': 6, 'benefits': 2, 'card': 10, 'centre': 2, 'certificate': 2, 'click': 2, 'code': 2, 'com': 2, 'come': 2, 'confidentiality': 2, 'contact': 2, 'content': 2, 'credit': 6, 'customer': 2, 'dear': 2, 'digital': 4, 'disputes': 2, 'document': 2, 'download': 2, 'email': 6, 'encrypted': 2, 'ensure': 4, 'estatement': 8, 'financial': 2, 'icon': 2, 'id': 2, 'identity': 6, 'information': 2, 'installed': 2, 'integrity': 2, 'kindly': 4, 'latest': 2, 'limited': 2, 'mail_boundary': 1, 'message': 6, 'monthly': 4, 'national': 2, 'ncr': 2, 'ncrcp16': 2, 'nedbank': 9, 'number': 4, 'offering': 2, 'ombudsman': 2, 'open': 4, 'opening': 2, 'option': 2, 'origin': 2, 'passport': 4, 'password': 4, 'practice': 2, 'product': 2, 'provider': 4, 'questions': 2, 'reader': 4, 'receive': 2, 'red': 2, 'reg': 6, 'registered': 2, 'resolution': 2, 'ribbon': 2, 'rivonia': 2, 'road': 2, 'sandown': 2, 'sandton': 2, 'security': 2, 'select': 2, 'sender': 6, 'service': 4, 'services': 4, 'signed': 2, 'signing': 2, 'simply': 2, 'sincerely': 1, 'sincerelynedbank': 1, 'south': 4, 'subscribe': 2, 'support': 2, 'supposed': 2, 'tampered': 4, 'terms': 2, 'unresolved': 2, 'unsubscribe': 2, 'use': 2, 'used': 4, 'vat': 2, 'verify': 4, 'view': 6, 'visit': 2, 'want': 4, 'warning': 2, 'welcome': 2, 'www': 4, 'za': 2}",1
"[('DHL-Express', 'Support@deccanplastic.com')]",Your package is waiting for delivery,"{'14': 1, '2021': 1, 'complete': 1, 'confirm': 1, 'confirmation': 1, 'days': 1, 'deliver': 1, 'delivery': 2, 'dh497586134': 2, 'dhl': 2, 'expires': 1, 'gmbh': 1, 'important': 1, 'international': 1, 'kind': 1, 'message': 1, 'online': 1, 'order': 1, 'package': 3, 'payment': 1, 'regards': 1, 'reserved': 1, 'rights': 1, 'services': 1, 'tracking': 1, 'waiting': 1}",1
"[('Standard Bank', 'statement@standardbank.co.za')]",Standard Bank Account eStatement 2021-03-10,"{'000738': 2, '06': 2, '0861': 2, '0861201311': 1, '0861201311our': 1, '1962': 2, '201': 2, '30': 2, '311': 2, '4pm': 2, '8am': 3, '9pm': 2, 'accepts': 2, 'access': 2, 'account': 2, 'acrobat': 2, 'addressee': 4, 'adobe': 4, 'advise': 2, 'africa': 2, 'arising': 2, 'asking': 2, 'attached': 2, 'attaching': 2, 'attachments': 4, 'authorised': 2, 'bank': 16, 'block': 2, 'change': 2, 'claiming': 2, 'clearly': 4, 'com': 2, 'communication': 2, 'confidential': 4, 'confidentiality': 2, 'contact': 2, 'context': 2, 'copyright': 2, 'cp15': 2, 'credit': 2, 'customer': 2, 'damages': 2, 'days': 2, 'dear': 2, 'delete': 2, 'disclaimer': 2, 'disclose': 2, 'displayed': 2, 'does': 2, 'doubts': 2, 'download': 2, 'effect': 2, 'electronic': 2, 'email': 18, 'emails': 2, 'errors': 2, 'estatement': 10, 'expressed': 2, 'features': 2, 'financial': 4, 'following': 2, 'forward': 2, 'free': 4, 'friday': 1, 'fridayand': 1, 'from8am': 1, 'group': 14, 'hereto': 2, 'holidays': 2, 'howsoever': 2, 'immediately': 4, 'incorrect': 2, 'incurred': 2, 'indicates': 2, 'information': 10, 'instruction': 2, 'integrity': 2, 'intended': 2, 'interception': 2, 'interference': 2, 'kindly': 2, 'know': 2, 'legitimacy': 2, 'liability': 2, 'limited': 6, 'lines': 2, 'loss': 2, 'mail': 2, 'mail_boundary': 1, 'manner': 2, 'mistake': 2, 'monday': 2, 'ncr': 2, 'need': 2, 'note': 4, 'notify': 2, 'open': 4, 'opinions': 2, 'phishing': 2, 'private': 2, 'prompted': 2, 'property': 2, 'provider': 4, 'public': 2, 'queries': 2, 'receipt': 2, 'receive': 6, 'reg': 2, 'regards': 2, 'registered': 2, 'reserved': 2, 'resulting': 2, 'rights': 4, 'safe': 2, 'security': 2, 'send': 2, 'sender': 4, 'services': 2, 'software': 2, 'south': 2, 'standard': 16, 'standardbank': 4, 'stated': 2, 'statement': 4, 'subsidiaries': 2, 'suffered': 2, 'sure': 2, 'thirty': 2, 'unless': 4, 'update': 2, 'use': 4, 'verification': 2, 'views': 2, 'viruses': 2, 'warrant': 2, 'weekends': 2, 'whatsoever': 6, 'wish': 2, 'writing': 2, 'www': 2, 'za': 3, 'zafor': 1}",1
"[('WeTransfer', 'pstanulov@admin.uni-sofia.bg')]",[SPAM] You have received a file via Wetransfer,"{'2021': 2, '23': 2, '370': 2, 'add': 2, 'address': 2, 'com': 2, 'contact': 2, 'deleted': 2, 'february': 2, 'files': 6, 'help': 2, 'jose': 2, 'legal': 2, 'list': 2, 'mail': 2, 'mail_boundary': 1, 'mails': 2, 'make': 2, 'mb': 2, 'monkey': 2, 'new': 1, 'noreply': 2, 'notice': 2, 'org': 2, 'page': 1, 'received': 4, 'report': 2, 'spam': 2, 'sure': 2, 'total': 2, 'transfer': 2, 'tuesday': 2, 'wetransfer': 6}",1
"[('monkey.org', 'admin@digi.com.kh')]",Your Email Account (jose@monkey.org) password is set to expire in 3 days,"{'2021': 2, '22': 1, 'account': 1, 'avoid': 1, 'best': 1, 'click': 1, 'confirm': 1, 'days': 1, 'email': 4, 'expire': 2, 'ignore': 1, 'interruptions': 1, 'jose': 1, 'joseyour': 1, 'login': 1, 'mail': 1, 'mar': 1, 'message': 1, 'monkey': 2, 'note': 1, 'org': 2, 'password': 2, 'recommend': 1, 'regards': 1, 'set': 1, 'setings': 1, 'settings': 1, 'team': 1}",1
"[('E*TRADE Support', 'yWd3nBl4Ld@charpmanshippingfoodllc.org')]",: You have A New Mail From  e*trade.,"{'2020': 1, 'account': 2, 'activities': 1, 'attached': 1, 'banking': 1, 'complete': 1, 'detected': 1, 'device': 2, 'download': 1, 'failed': 1, 'file': 1, 'follow': 1, 'helping': 1, 'information': 1, 'login': 1, 'multiple': 1, 'new': 1, 'online': 1, 'process': 1, 'protect': 1, 'protection': 1, 'protocol': 1, 'requested': 1, 'safe': 1, 'security': 2, 'team': 1, 'thank': 1, 'thanks': 1, 'trade': 1, 'type': 1, 'unregistered': 1, 'verification': 1, 'windows': 1}",1
"[('monkey.org', 'ship@astech-vn.com')]",jose@monkey.org have stopped processing incoming emails.,"{'19': 1, '2021': 1, '31': 1, '33': 1, 'account': 4, 'click': 1, 'copyright': 1, 'date': 1, 'email': 1, 'emails': 1, 'incoming': 1, 'jose': 1, 'monkey': 2, 'need': 1, 'org': 2, 'processing': 1, 'required': 1, 'services': 1, 'stopped': 1, 'use': 1, 'verify': 3}",1
"[('monkey.org', 'servicios.compras@afasa.com.mx')]",Your E-mail  Requestjose@monkey.org,"{'____________________________________________________': 1, '______________________________________________________________________': 1, 'address': 2, 'communication': 1, 'delivery': 3, 'email': 3, 'gateway': 1, 'gsuite': 1, 'hours': 1, 'inbox': 1, 'incoming': 1, 'isp': 1, 'jose': 5, 'login': 1, 'longer': 1, 'mandatory': 1, 'manner': 1, 'messages': 1, 'monkey': 6, 'new': 1, 'normal': 1, 'note': 1, 'office365': 1, 'org': 6, 'page': 1, 'password': 1, 'pending': 1, 'queued': 1, 'receive': 1, 'required': 1, 'restore': 1, 'secure': 1, 'servers': 1, 'service': 1, 'sincerely': 1, 'sure': 1, 'unsubscribe': 1, 'validate': 3, 'validated': 2, 'wish': 1, 'working': 1}",1
"[('Ministerio del Interior 775657', 'comunicacion77543@comunicacion19.souzldop.es')]",Bloqueo del Vehiculo - Multa no pagada,"{'1m5rus11m5ru1m5rusey1m5rus1m5rus1m5r1m1m5rusey61m5ruse1m5rus1m5rus1m5rus1m5rus1m5rus1m5rus': 6, '2021': 2, 'abra': 2, 'atencion': 2, 'copyright': 2, 'cordiales': 2, 'correo': 2, 'derechos': 2, 'dgt': 2, 'dirigida': 2, 'electronico': 2, 'en': 4, 'ha': 2, 'identificado': 2, 'jose': 4, 'la': 4, 'los': 2, 'mail_boundary': 1, 'monkey': 4, 'multa': 6, 'n_6591938994687194336992035350609166429780446412634767415650228123055382284275985341919815944340': 2, 'notificacion': 4, 'nuestro': 2, 'org': 4, 'pagada': 2, 'para': 4, 'pendiente': 4, 'reservados': 2, 'saludos': 2, 'se': 2, 'sistema': 4, 'su': 2, 'tienes': 2, 'todos': 2, 'trafico': 2, 'una': 4, 'usted': 2, 'vehiculo': 2, 'ver': 4, 'visite': 2, 'windows': 2}",1
"[('Email Service', 'project@yescoindia.com')]",Email Service Suspension Notification,"{'10': 1, '16': 1, '2021': 1, '26th': 1, '34': 1, '56': 1, 'account': 1, 'actions': 1, 'approval': 1, 'approved': 1, 'authorize': 1, 'automatically': 1, 'awaiting': 1, 'created': 1, 'delivered': 1, 'delivery': 3, 'desk': 1, 'detected': 1, 'encrypted': 1, 'error': 1, 'friday': 1, 'help': 1, 'inbox': 1, 'infrastructureaffected': 1, 'jose': 1, 'level': 1, 'list': 1, 'mail': 2, 'mailbox': 2, 'mails': 1, 'march': 1, 'message': 3, 'messages': 3, 'monkey': 3, 'org': 2, 'orgservice': 1, 'pending': 3, 'recieve': 1, 'report': 1, 'reserved': 1, 'restore': 1, 'rights': 1, 'server': 1, 'services': 1, 'software': 1, 'taken': 1, 'undelivered': 2, 'unsubscribe': 1, 'view': 1, 'wish': 1}",1
"[('E*TRADE Supports.', '4ebUCGKx44@izhartechnical.com')]",:You Have A New Message From E*TRADE!,"{'2021': 1, 'account': 1, 'attempt': 1, 'attempts': 1, 'authorize': 2, 'automatically': 1, 'banking': 1, 'click': 1, 'directly': 1, 'don': 1, 'email': 1, 'fmr': 1, 'generated': 1, 'invalid': 1, 'link': 1, 'llc': 1, 'log': 2, 'login': 1, 'mail': 2, 'message': 1, 'new': 1, 'online': 4, 'reply': 1, 'reserved': 1, 'rights': 1, 'security': 2, 'sincerely': 1, 'team': 1, 'trade': 3, 'verify': 1}",1
"[('USAA', 'no-reply@contentcreationnepal.com')]",Your account is currently under review.,"{'2981': 1, 'account': 3, 'add': 1, 'address': 1, 'affiliates': 1, 'association': 1, 'automobile': 1, 'banking': 1, 'blacked': 1, 'book': 1, 'booked': 1, 'care': 1, 'closed': 1, 'com': 2, 'complications': 1, 'contact': 1, 'customer': 2, 'dear': 1, 'delivery': 1, 'ending': 1, 'ensure': 1, 'inbox': 1, 'insurance': 1, 'investment': 1, 'mail': 1, 'mailcenter': 1, 'means': 1, 'member': 1, 'notice': 1, 'paperless': 1, 'reactivate': 1, 'recent': 1, 'regarding': 1, 'reply': 1, 'security': 2, 'service': 1, 'services': 1, 'thank': 1, 'till': 1, 'transaction': 1, 'transactions': 1, 'unit': 1, 'united': 1, 'usaa': 6, 'zoneusaa': 1}",1
"[('USAA', 'techsupport@seedandspark.com')]",Please visit our security center immediately.,"{'2981': 2, 'account': 6, 'add': 2, 'address': 2, 'affiliates': 2, 'association': 2, 'automobile': 2, 'banking': 2, 'blacked': 2, 'book': 2, 'booked': 2, 'care': 2, 'closed': 2, 'com': 4, 'complications': 2, 'contact': 2, 'customer': 4, 'dear': 2, 'delivery': 2, 'ending': 2, 'ensure': 2, 'inbox': 2, 'insurance': 2, 'investment': 2, 'mail': 2, 'mail_boundary': 1, 'mailcenter': 2, 'means': 2, 'member': 2, 'notice': 2, 'paperless': 2, 'reactivate': 2, 'recent': 2, 'regarding': 2, 'reply': 2, 'security': 4, 'service': 2, 'services': 2, 'thank': 2, 'till': 2, 'transaction': 2, 'transactions': 2, 'unit': 2, 'united': 2, 'usaa': 13, 'zone': 1, 'zoneusaa': 1}",1
"[('monkey.org', 'tr@accoladeweatherscreens.com.au')]",Important Update,"{'03': 4, '2021': 5, '29': 4, '773017357361': 1, 'actions': 1, 'advice': 1, 'alert': 1, 'automatically': 1, 'aw': 1, 'come': 1, 'confirmation': 1, 'contract': 1, 'cyber': 1, 'date': 1, 'days': 1, 'dear': 1, 'deleted': 1, 'deliver': 1, 'dhl': 1, 'email': 3, 'enable': 1, 'error': 2, 'express': 1, 'folder': 2, 'foy': 1, 'hold': 1, 'inbox': 2, 'incoming': 1, 'interrogation': 1, 'jose': 5, 'kindly': 1, 'lands': 1, 'listed': 1, 'message': 2, 'messages': 6, 'monkey': 6, 'note': 1, 'notification': 2, 'order': 1, 'org': 6, 'payment': 1, 'pending': 3, 'placed': 1, 'proper': 1, 'quarantined': 2, 'recipient': 1, 'regards': 1, 'release': 5, 'remittance': 1, 'replyif': 1, 'reserved': 1, 'rights': 1, 'sales': 1, 'security': 1, 'sent': 1, 'server': 3, 'shipment': 1, 'spam': 1, 'subject': 1, 'support': 1, 'taken': 1, 'team': 1, 'update': 2, 'view': 1}",1
"[('Microsoft Onedrive', 'info432123update@secure.com')]",Important Monetary Online Document.,"{'access': 1, 'confidential': 1, 'dear': 1, 'document': 3, 'mc': 1, 'mc_preview_text': 1, 'message': 1, 'microsoft': 2, 'monetary': 1, 'onedrive': 2, 'online': 1, 'secured': 1, 'sincerely': 1, 'subject': 1, 'user': 1, 'view': 1}",1
"[('DOMAIN SERVER', 'indoceanic@wanadoo.fr')]",jose@monkey.org.....,"{'2019': 2, 'access': 2, 'account': 6, 'activity': 6, 'app': 2, 'based': 2, 'best': 4, 'carrier': 2, 'check': 4, 'click': 2, 'copyright': 1, 'copyrightfd': 1, 'cpanel': 2, 'device': 6, 'didn': 2, 'different': 2, 'email': 2, 'guesses': 2, 'isp': 2, 'jose': 2, 'location': 4, 'locations': 2, 'mail_boundary': 1, 'monkey': 2, 'new': 2, 'note': 2, 'notification': 1, 'org': 1, 'orgnotification': 1, 'policy': 2, 'privacy': 2, 'protect': 2, 'reflect': 2, 'regards': 2, 'sign': 2, 'signed': 2, 'types': 2, 'unusual': 2, 'used': 2, 'wireless': 2}",1
"[('DOMAIN SERVER', 'indoceanic@wanadoo.fr')]",-Action Required- Email Notification For jose@monkey.org,"{'2019': 2, 'access': 2, 'account': 6, 'activity': 6, 'app': 2, 'based': 2, 'best': 4, 'carrier': 2, 'check': 4, 'click': 2, 'copyright': 1, 'copyrightfd': 1, 'cpanel': 2, 'device': 6, 'didn': 2, 'different': 2, 'email': 2, 'guesses': 2, 'isp': 2, 'jose': 2, 'location': 4, 'locations': 2, 'mail_boundary': 1, 'monkey': 2, 'new': 2, 'note': 2, 'notification': 1, 'org': 1, 'orgnotification': 1, 'policy': 2, 'privacy': 2, 'protect': 2, 'reflect': 2, 'regards': 2, 'sign': 2, 'signed': 2, 'types': 2, 'unusual': 2, 'used': 2, 'wireless': 2}",1
"[('Indeed', 'it@mailscaleway.xosignals.com')]",Indeed account update for jose@monkey.org,"{'2021': 1, '6433': 1, '78750': 1, 'account': 1, 'address': 2, 'assistance': 1, 'attached': 1, 'austin': 1, 'building': 1, 'champion': 1, 'confirm': 1, 'contact': 1, 'download': 1, 'email': 2, 'file': 2, 'grandview': 1, 'help': 1, 'log': 1, 'need': 1, 'policy': 1, 'privacy': 1, 'terms': 1, 'thanks': 1, 'tx': 1, 'update': 1, 'using': 1, 'verify': 1, 'way': 1}",1
"[('Email Administrator', 'noreply@aospine.org')]",Account update,"{'administrator': 1, 'auto': 1, 'blocked': 2, 'data': 1, 'dear': 1, 'delivered': 1, 'email': 5, 'follow': 1, 'generated': 1, 'instruction': 1, 'link': 1, 'loose': 1, 'mail': 1, 'message': 1, 'permanently': 1, 'regards': 1, 'replies': 1, 'reported': 1, 'routine': 1, 'safety': 1, 'seconds': 1, 'security': 1, 'sent': 1, 'server': 1, 'taken': 1, 'takes': 1, 'test': 2, 'update': 1, 'upgrade': 3, 'user': 1, 'validation': 1}",1
"[('monkey.org', 'jose@alignad-cn.com')]",Account Verification Required for jose@monkey.org,"{'24': 1, 'account': 1, 'accounts': 2, 'active': 1, 'alert': 1, 'closed': 1, 'confirm': 2, 'deactivated': 1, 'deactivating': 1, 'dear': 1, 'email': 2, 'hours': 1, 'inactive': 2, 'jose': 2, 'mailbox': 1, 'monkey': 2, 'note': 1, 'org': 2, 'security': 1, 'settings': 1, 'updating': 1, 'verification': 1, 'verifying': 1}",1
"[('Supportmonkey.org', 'noreply@ariannteemail.cam')]",Validation Error For:  jose@monkey.org Webmail  (Mailbox) Re-validation Required,"{'11': 2, '12': 1, '2021': 2, '26': 2, '31': 2, '35': 2, 'account': 2, 'active': 1, 'address': 1, 'administrator': 1, 'automatically': 1, 'change': 1, 'closing': 1, 'confirm': 2, 'deactivated': 1, 'dear': 1, 'deleted': 1, 'email': 1, 'frequency': 1, 'hours': 1, 'jose': 2, 'mailbox': 1, 'monkey': 1, 'non': 1, 'notifications': 1, 'old': 1, 'org': 1, 'portal': 1, 'server': 1, 'support': 1, 'users': 1, 'versions': 1}",1
"[('monkey.org', 'jose@alignad-cn.com')]",Account Verification Required for jose@monkey.org,"{'24': 1, 'account': 1, 'accounts': 2, 'active': 1, 'alert': 1, 'closed': 1, 'confirm': 2, 'deactivated': 1, 'deactivating': 1, 'dear': 1, 'email': 2, 'hours': 1, 'inactive': 2, 'jose': 2, 'mailbox': 1, 'monkey': 2, 'note': 1, 'org': 2, 'security': 1, 'settings': 1, 'updating': 1, 'verification': 1, 'verifying': 1}",1
"[('monkey.org Mail Support', 'update@pilnidia.in')]",Inactive users jose@monkey.org,"{'2021': 1, 'account': 1, 'click': 1, 'confirm': 2, 'continue': 1, 'deactivated': 1, 'domain': 1, 'email': 1, 'id': 1, 'identity': 1, 'inactive': 1, 'jose': 1, 'monkey': 3, 'org': 3, 'portal': 1, 'reserved': 1, 'rights': 1, 'settings': 1, 'support': 1, 'team': 1, 'update': 1, 'user': 1, 'users': 1, 'using': 1}",1
"[('Mail Service Team', 'trevor.z.african.region@gmail.com')]",Confirmation,"{'africa': 2, 'aol': 2, 'attached': 2, 'availability': 2, 'best': 2, 'com': 2, 'confirm': 2, 'contact': 2, 'day': 1, 'daythis': 1, 'estate': 2, 'good': 2, 'got': 2, 'intention': 2, 'invest': 2, 'mail': 2, 'mail_boundary': 1, 'money': 2, 'phone': 2, 'real': 2, 'relocate': 2, 'thank': 2, 'time': 2, 'transfer': 2, 'trevor': 1, 'tzylen': 2, 'youtrevor': 1, 'zylen': 2}",1
"[('Delivery Status', 'info@amazndelivery-hub55.co')]",Dispatch status for your package #LKG03-35352272,"{'00': 2, '10': 2, '12321': 2, '1545': 4, '35352272': 2, '6099': 4, '655': 4, '79764': 2, '800': 4, '90': 4, 'accept': 2, 'account': 2, 'address': 2, 'amazon': 2, 'based': 2, 'cases': 2, 'certain': 2, 'check': 2, 'confirmation': 2, 'date': 4, 'delivery': 8, 'details': 2, 'dispatch': 2, 'doris': 2, 'dr': 2, 'email': 4, 'estimated': 4, 'handling': 4, 'haven': 2, 'hello': 2, 'helpdesk': 2, 'hope': 2, 'id': 2, 'image': 1, 'immediately': 2, 'incoming': 2, 'item': 4, 'jose': 2, 'june': 2, 'justin': 2, 'lkg03': 2, 'macbook': 2, 'mail_boundary': 1, 'message': 2, 'monkey': 2, 'notification': 2, 'odessa': 2, 'order': 10, 'ordering': 2, 'org': 2, 'package': 2, 'placed': 4, 'priority': 2, 'pro': 2, 'processing': 2, 'reach': 2, 'recent': 2, 'reply': 2, 'rs': 2, 'sent': 4, 'services': 2, 'shipment': 2, 'shipped': 2, 'shipping': 2, 'soon': 2, 'subtotal': 2, 'successfully': 2, 'summary': 2, 'support': 2, 'thank': 2, 'thursday': 2, 'time': 4, 'total': 2, 'tx': 2, 'usa': 2, 'vary': 2, 'warehouse': 2}",1
"[('E-Notify', 'lnfo@treck.cl')]",You have Seven (7) Messages Pending Delivery 0n Your mailbox due to low storage.,"{'00': 1, '01': 3, '06': 3, '11': 1, '1st': 1, '2021': 5, '600': 1, '98052': 1, 'account': 2, 'admin': 2, 'bank': 1, 'changed': 1, 'created': 1, 'date': 1, 'dear': 1, 'deliver': 1, 'details': 2, 'emails': 1, 'exceeded': 1, 'form': 1, 'fw': 3, 'inbox': 1, 'jose': 6, 'june': 1, 'limit': 1, 'messages': 1, 'monkey': 5, 'noitify': 1, 'notification': 1, 'org': 5, 'overdue': 1, 'payment': 1, 'pending': 4, 'previewed': 1, 'quota': 2, 'receiving': 1, 'recipient': 1, 'redmond': 1, 'release': 1, 'secured': 1, 'service': 1, 'seven': 1, 'sincerelye': 1, 'space': 2, 'storage': 1, 'subject': 1, 'supplier': 1, 'time': 1, 'upgrade': 2, 'usd': 1, 'vendor': 1, 'wa': 1, 'web': 2}",1
"[('monkey.org Email Quarantine', 'quarantine@vlaj.hu')]",Notifcation: You have (9) new undelivered messages,"{'07': 2, '08': 1, '10': 1, '103': 1, '11': 2, '14': 1, '15': 1, '17': 1, '17june': 1, '18': 3, '2021': 8, '21': 2, '23': 2, '24hrs': 1, '25': 1, '25392': 1, '30': 1, '34': 1, '3892sd': 1, '42': 1, 'advice': 1, 'approved': 1, 'automatically': 1, 'batch': 1, 'choose': 1, 'copyright': 1, 'date': 3, 'deleted': 1, 'deliver': 1, 'delivery': 1, 'distribution': 1, 'email': 1, 'emails': 1, 'finance': 1, 'fw': 1, 'fwd': 1, 'happens': 1, 'inbox': 1, 'jose': 1, 'june': 5, 'mail': 1, 'mails': 1, 'messages': 2, 'monkey': 2, 'mt': 1, 'new': 3, 'oms21': 1, 'org': 2, 'payments': 1, 'payroll': 1, 'pending': 1, 'po': 1, 'portal': 1, 'prevented': 1, 'quarantine': 2, 'quarter': 1, 'review': 1, 'service': 1, 'shipment': 1, 'statements': 1, 'subject': 3, 'swift': 1, 'symantec': 1, 'time': 3, 'transaction': 1, 'utc': 3, 'withdrawals': 1}",1
"[('Email Administrator', 'admin@domain.com')]",Email Account Closure,"{'2021': 1, '5gb': 1, '98': 1, 'account': 2, 'administrator': 1, 'avoid': 1, 'closure': 1, 'email': 2, 'exceeded': 1, 'incoming': 2, 'jose': 3, 'limit': 1, 'loss': 1, 'mailbox': 2, 'message': 1, 'messages': 1, 'monkey': 4, 'org': 4, 'quota': 4, 'received': 1, 'receiving': 1, 'sending': 1, 'services': 1, 'update': 3, 'webmaster': 1}",1
"[('DocuSign', 'noreply@xpressparcel.in')]",Completed: Please DocuSign Statement.pdf (jose@monkey.org),"{'55a4d6a5852h738ie893037jbde595f2': 2, 'access': 4, 'alternate': 2, 'answer': 2, 'app': 2, 'binding': 2, 'center': 2, 'click': 2, 'code': 4, 'com': 2, 'confirm': 2, 'contact': 2, 'contains': 2, 'details': 2, 'digital': 2, 'directly': 2, 'document': 16, 'documents': 6, 'docusign': 11, 'docusignsign': 1, 'electronic': 2, 'electronically': 2, 'emailing': 2, 'enter': 2, 'globe': 2, 'having': 2, 'help': 2, 'home': 2, 'ink': 4, 'jose': 4, 'just': 2, 'legally': 2, 'mail': 7, 'mail_boundary': 1, 'mailthis': 1, 'management': 2, 'message': 2, 'method': 1, 'methodvisit': 1, 'minutes': 2, 'modify': 2, 'monkey': 4, 'need': 2, 'office': 2, 'org': 3, 'orgplease': 1, 'page': 2, 'pending': 4, 'professional': 2, 'provides': 2, 'questions': 4, 'reach': 2, 'receive': 2, 'received': 2, 'released': 2, 'request': 2, 'review': 6, 'safe': 2, 'secure': 2, 'sender': 6, 'sent': 2, 'service': 2, 'share': 4, 'sign': 5, 'signature': 2, 'signing': 6, 'support': 2, 'transaction': 2, 'trouble': 2, 'trusted': 2, 'view': 2, 'visit': 1}",1
"[('CA Post', 'sh-845813052@eu.hosting-webspace.io')]",Informed Delivery : we need to pay cost,"{'02': 1, '39': 1, '600': 1, '7h0': 1, 'android': 1, 'cad': 1, 'canada': 1, 'catharines': 1, 'click': 1, 'confirm': 1, 'datenschutzrichtlinie': 1, 'days': 1, 'dear': 1, 'delivery': 2, 'informed': 1, 'ipad': 1, 'iphone': 1, 'jose': 1, 'kontakt': 1, 'l2n': 1, 'link': 2, 'note': 1, 'nutzungsbedingungen': 1, 'ontario': 1, 'package': 1, 'pay': 1, 'payment': 1, 'postcanada': 1, 'ready': 1, 'sonstiges': 1, 'st': 2, 'verification': 1}",1
"[('', 'jose@monkey.org')]",Security Upgrade required for your mailbox jose@monkey.org,"{'2021': 1, 'account': 1, 'admin': 1, 'administrator': 1, 'better': 1, 'dear': 1, 'hold': 1, 'immediately': 1, 'incoming': 1, 'jose': 1, 'mailbox': 2, 'messages': 1, 'monkey': 1, 'need': 1, 'new': 2, 'note': 1, 'notified': 1, 'optimized': 1, 'order': 1, 'org': 1, 'placed': 1, 'recent': 1, 'reserved': 1, 'rights': 1, 'service': 1, 'switch': 1, 'update': 1, 'usage': 1, 'validate': 3, 'version': 2, 'webmail': 1}",1
"[('Standard Bank', 'statement@standardbank.co.za')]",Standard Bank Account eStatement 2021-06-25,"{'000738': 2, '06': 2, '0861': 2, '0861201311': 1, '0861201311our': 1, '1962': 2, '201': 2, '30': 2, '311': 2, '4pm': 2, '8am': 3, '9pm': 2, 'accepts': 2, 'access': 2, 'account': 2, 'acrobat': 2, 'addressee': 4, 'adobe': 4, 'advise': 2, 'africa': 2, 'arising': 2, 'asking': 2, 'attached': 2, 'attaching': 2, 'attachments': 4, 'authorised': 2, 'bank': 16, 'block': 2, 'change': 2, 'claiming': 2, 'clearly': 4, 'com': 2, 'communication': 2, 'confidential': 4, 'confidentiality': 2, 'contact': 2, 'context': 2, 'copyright': 2, 'cp15': 2, 'credit': 2, 'customer': 2, 'damages': 2, 'days': 2, 'dear': 2, 'delete': 2, 'disclaimer': 2, 'disclose': 2, 'displayed': 2, 'does': 2, 'doubts': 2, 'download': 2, 'effect': 2, 'electronic': 2, 'email': 18, 'emails': 2, 'errors': 2, 'estatement': 10, 'expressed': 2, 'features': 2, 'financial': 4, 'following': 2, 'forward': 2, 'free': 4, 'friday': 1, 'fridayand': 1, 'from8am': 1, 'group': 14, 'hereto': 2, 'holidays': 2, 'howsoever': 2, 'immediately': 4, 'incorrect': 2, 'incurred': 2, 'indicates': 2, 'information': 10, 'instruction': 2, 'integrity': 2, 'intended': 2, 'interception': 2, 'interference': 2, 'june': 2, 'kindly': 2, 'know': 2, 'legitimacy': 2, 'liability': 2, 'limited': 6, 'lines': 2, 'loss': 2, 'mail': 2, 'mail_boundary': 1, 'manner': 2, 'mistake': 2, 'monday': 2, 'ncr': 2, 'need': 2, 'note': 4, 'notify': 2, 'open': 4, 'opinions': 2, 'phishing': 2, 'private': 2, 'prompted': 2, 'property': 2, 'provider': 4, 'public': 2, 'queries': 2, 'receipt': 2, 'receive': 6, 'reg': 2, 'regards': 2, 'registered': 2, 'reserved': 2, 'resulting': 2, 'rights': 4, 'safe': 2, 'security': 2, 'send': 2, 'sender': 4, 'services': 2, 'software': 2, 'south': 2, 'standard': 16, 'standardbank': 4, 'stated': 2, 'statement': 4, 'subsidiaries': 2, 'suffered': 2, 'sure': 2, 'thirty': 2, 'unless': 4, 'update': 2, 'use': 4, 'verification': 2, 'views': 2, 'viruses': 2, 'warrant': 2, 'weekends': 2, 'whatsoever': 6, 'wish': 2, 'writing': 2, 'www': 2, 'za': 3, 'zafor': 1}",1
"[(""''monkey.org server''"", 'info@gaugesbourdon.fr')]",(9) messages are pending for jose@monkey.org,"{'02': 1, '2021': 2, '24hours': 1, '30': 1, '55': 1, 'access': 1, 'account': 2, 'activate': 2, 'activation': 1, 'blocked': 1, 'dear': 1, 'domain': 1, 'expires': 1, 'hold': 1, 'incoming': 2, 'jose': 2, 'kindly': 1, 'messages': 2, 'monkey': 3, 'org': 3, 'placed': 1, 'registry': 2, 'reserved': 1, 'rights': 1, 'team': 1}",1
"[('monkey.org', 'no-reply@emailsecurity.com')]",jose@monkey.org Update Server,"{'account': 1, 'activated': 1, 'avoid': 1, 'closing': 1, 'dear': 1, 'jose': 2, 'mail': 1, 'mailbox': 1, 'monkey': 2, 'old': 1, 'org': 2, 'organized': 1, 'sign': 1, 'support': 1, 'tap': 1, 'thank': 1, 'upgrade': 2, 'version': 1, 'webmail': 1, 'youcinar': 1}",1
"[('', 'jose@monkey.org')]",jose@monkey.org  Security Upgrade required for your mailbox,"{'2021': 1, 'account': 1, 'admin': 1, 'administrator': 1, 'better': 1, 'dear': 1, 'hold': 1, 'immediately': 1, 'incoming': 1, 'jose': 1, 'mailbox': 2, 'messages': 1, 'monkey': 1, 'need': 1, 'new': 2, 'note': 1, 'notified': 1, 'optimized': 1, 'order': 1, 'org': 1, 'placed': 1, 'recent': 1, 'reserved': 1, 'rights': 1, 'service': 1, 'switch': 1, 'update': 1, 'usage': 1, 'validate': 3, 'version': 2, 'webmail': 1}",1
"[('TSB Online Banking Team', 'info@tsb.co.uk')]",Account Update Notice,"{'acc': 1, 'account': 1, 'banking': 2, 'belowwww': 1, 'complete': 1, 'customer': 1, 'customers': 1, 'dear': 1, 'kindly': 1, 'link': 1, 'online': 2, 'process': 2, 'recently': 1, 'safety': 1, 'security': 1, 'team': 1, 'tsb': 2, 'uk': 1, 'update': 2, 'updated': 1, 'webpage': 1}",1
"[('Webmail Team', 'msdav@wk.net')]",Check Your Mail,"{'account': 4, 'acct': 2, 'apologize': 2, 'emails': 2, 'emailwe': 2, 'emäil': 2, 'hold': 2, 'häs': 2, 'incoming': 2, 'inconvenience': 2, 'log': 2, 'mail_boundary': 1, 'mailsclick': 2, 'retrieve': 4, 'team': 2, 'validate': 2, 'yöur': 2}",1
"[('Netflix Support', 'support@crypto-haven.net')]",Important Update About Your Netflix Subscription.,"{'72': 2, 'able': 2, 'aboutimportant': 2, 'account': 6, 'accountif': 2, 'announcement': 2, 'cancellation': 2, 'center': 2, 'changes': 2, 'charging': 2, 'complete': 2, 'contact': 2, 'couple': 2, 'customer': 2, 'email': 6, 'foryour': 2, 'help': 4, 'hourswe': 2, 'information': 2, 'limit': 2, 'mail_boundary': 1, 'mandatory': 2, 'membership': 2, 'need': 2, 'netflix': 6, 'ofdays': 2, 'options': 2, 'payment': 2, 'product': 2, 'received': 2, 'reply': 2, 'service': 2, 'subscriptiondear': 2, 'support': 2, 'try': 2, 'update': 4, 'view': 2, 'visit': 2, 'yournetflix': 2}",1
"[('IT Support', 'Administrator@monkey.org')]",jose@monkey.org You have Six{6} pending mails,"{'10': 1, '2021': 1, '____________________________________________________________________': 1, 'action': 1, 'admin': 1, 'appear': 1, 'assurance': 1, 'attachments': 1, 'best': 1, 'capacity': 1, 'clean': 1, 'cloud': 2, 'clustered': 1, 'communications': 1, 'compliance': 1, 'connection': 1, 'content': 1, 'days': 1, 'email': 1, 'emails': 1, 'following': 1, 'inbox': 2, 'including': 1, 'incoming': 1, 'increase': 1, 'instruction': 1, 'jose': 1, 'legal': 1, 'logon': 1, 'low': 1, 'mail': 2, 'mailbox': 2, 'mails': 3, 'message': 1, 'messages': 2, 'monitors': 1, 'monkey': 3, 'names': 1, 'notification': 1, 'older': 1, 'org': 3, 'outgoing': 1, 'owners': 1, 'pending': 3, 'proper': 1, 'property': 1, 'purposes': 2, 'quality': 1, 'regards': 1, 'release': 1, 'remain': 1, 'removed': 1, 'reserved': 1, 'respective': 1, 'rights': 1, 'security': 1, 'sent': 1, 'service': 1, 'services': 1, 'sourceyou': 1, 'storage': 2, 'taken': 1, 'till': 1, 'training': 1, 'trusted': 1, 'webmail': 2}",1
"[('Monkey.org--IT-', 'lms@littlelaureates.com')]",Login Notice,"{'2021': 3, '2021you': 1, '21': 2, 'ac': 1, 'access': 2, 'chudy': 1, 'connected': 2, 'dear': 1, 'denied': 2, 'dscollege': 1, 'email': 4, 'https': 1, 'jose': 5, 'login': 1, 'mail': 2, 'mail_boundary': 1, 'mailbox': 2, 'monday': 1, 'monkey': 7, 'notice': 1, 'notification': 2, 'org': 7, 'password': 4, 'prevent': 2, 'required': 2, 'reserved': 2, 'rights': 2, 'server': 4, 'shutdown': 2, 'use': 2, 'userid': 1, 'verification': 1, 'verificationdear': 1}",1
"[('RoyalMail', 'admin@soft.featurelanguages.com')]","We have issues with your shipping address to re-deliver your package
 please confirm your address and pay the shipping cost 3,00","{'00': 2, '07': 2, '185': 2, '1aa': 2, '20': 1, '2019': 2, '2021': 2, '23': 2, '4138203': 2, '48': 2, '6bcqlauumbo': 2, '77000': 2, 'address': 6, 'admin': 1, 'arrived': 2, 'automated': 2, 'bouhdech': 1, 'castors': 1, 'cet': 2, 'check': 2, 'com': 3, 'compatible': 1, 'confirm': 2, 'cost': 2, 'cruciform': 2, 'customer': 2, 'dear': 2, 'deliver': 2, 'delivery': 2, 'des': 1, 'don': 2, 'désinscription': 1, 'désinscrire': 2, 'ec1a': 2, 'email': 3, 'en': 1, 'england': 2, 'envoyé': 2, 'farringdon': 2, 'featurelanguages': 1, 'fees': 2, 'form': 2, 'france': 1, 'fypdnwn_yoz': 2, 'group': 6, 'handling': 2, 'happen': 2, 'hours': 2, 'html': 1, 'http': 2, 'incorrect': 2, 'indésirable': 1, 'issues': 2, 'jose': 1, 'know': 2, 'kphcmykezjs7rhwe67vuqax74wikbfthg_knsq9_agku6nuzemtocf0tfjns6pw8zmppi9vcbnxyps_nrt8ox6wj5g7_iqyaxipn_fsbywbolnp7qlncbnn7p9hpag': 2, 'la': 3, 'le': 1, 'lecteur': 1, 'let': 2, 'lien': 2, 'ligne': 1, 'liste': 2, 'london': 2, 'mail': 11, 'mail_boundary': 1, 'marks': 2, 'melun': 1, 'message': 3, 'miroir': 1, 'mktla': 2, 'monkey': 1, 'note': 2, 'number': 4, 'office': 2, 'org': 1, 'package': 8, 'par': 1, 'pay': 2, 'policy': 2, 'pour': 1, 'privacy': 2, 'receiver': 2, 'redelivery': 6, 'refunded': 2, 'registered': 6, 'reply': 2, 'request': 4, 'reserved': 2, 'rights': 2, 'road': 2, 'royal': 8, 'rue': 1, 'ry350528093gb': 2, 'scheduled': 2, 'se': 2, 'sent': 2, 'shipping': 6, 'signaler': 1, 'soft': 1, 'sorry': 2, 'submit': 4, 'terms': 2, 'tk': 2, 'tracking': 2, 'trade': 2, 'useroyal': 2, 'utiliser': 1, 'version': 1, 'veuillez': 1, 'voir': 2, 'waiting': 2, 'wales': 2, 'website': 4, 'zqbn3j6bcms': 2, 'été': 2}",1
"[('monkey.org', 'customercare@teledoctors.co.in')]",Account jose@monkey.org Email Quata Limit,"{'25gb': 1, '98': 2, 'administrator': 1, 'attention': 1, 'avoid': 1, 'com': 1, 'data': 1, 'email': 3, 'exceed': 1, 'follow': 1, 'free': 1, 'jose': 2, 'limit': 1, 'loss': 1, 'mail': 1, 'microsoft': 1, 'monkey': 3, 'org': 3, 'quota': 3, 'quoter': 1, 'reached': 1, 'soon': 1, 'source': 1, 'upgrade': 1, 'url': 1, 'www': 1}",1
"[('', 'jose@monkey.org')]","( jose@monkey.org  ) - You have received 3 pdf files via WeTransfer
 from (info@aevumglobal.es)","{'2021': 1, '4e1ddb3220575cb3120210629094220': 1, 'ad91ea': 1, 'add': 1, 'aevumglobal': 1, 'appdomain': 1, 'arrive': 1, 'august': 1, 'c8807144c16d5de7fbe4780ae9f1f09420210629094236': 1, 'cf': 1, 'cloud': 1, 'com': 1, 'contacts': 1, 'document': 3, 'download': 2, 'emails': 1, 'essent': 1, 'eu': 1, 'expires': 1, 'files': 1, 'gb': 1, 'help': 1, 'https': 1, 'info': 1, 'items': 2, 'lastime': 1, 'legal': 1, 'link': 1, 'make': 1, 'mb': 4, 'noreply': 1, 'pdf': 3, 'report': 1, 'spam': 1, 'sure': 1, 'total': 1, 'transfer': 1, 'wetranecure': 1, 'wetransfer': 2}",1
"[('Files Portal - monkey.org ', 'postmaster@emailserver.email')]",You Have Recieved New Files,"{'2021': 2, '9th': 2, 'accessed': 2, 'adobe': 3, 'app': 3, 'august': 2, 'ctr': 3, 'downld': 3, 'download': 1, 'downloadthese': 1, 'expire': 2, 'file': 4, 'files': 6, 'filesportal': 1, 'hello': 2, 'html': 3, 'https': 3, 'index': 3, 'jose': 5, 'mail_boundary': 1, 'monkey': 11, 'new': 2, 'notification': 2, 'org': 11, 'portal': 4, 'shared': 2, 'thanks': 1, 'thanksfilesportal': 1, 'vent': 3, 'view': 2, 'web': 3}",1
"[('Files Portal - monkey.org ', 'postmaster@emailserver.email')]",You Have Recieved New Files,"{'10th': 2, '2021': 2, 'accessed': 2, 'adobe': 3, 'app': 3, 'august': 2, 'bin': 3, 'downld': 3, 'download': 1, 'downloadthese': 1, 'expire': 2, 'file': 4, 'files': 6, 'filesportal': 1, 'hello': 2, 'html': 3, 'https': 3, 'index': 3, 'jose': 5, 'lizt': 3, 'mail_boundary': 1, 'monkey': 11, 'new': 2, 'notification': 2, 'org': 11, 'portal': 4, 'shared': 2, 'thanks': 1, 'thanksfilesportal': 1, 'view': 2, 'web': 3}",1
"[('Microsoft 365 Message center', 'test.gaelle@gaelle-beauty.com')]",Approve sign in request,"{'app': 1, 'approve': 1, 'authenticator': 1, 'device': 1, 'having': 1, 'information': 1, 'jose': 1, 'microsoft': 1, 'mobile': 1, 'monkey': 1, 'notification': 1, 'open': 1, 'org': 1, 'request': 1, 'respond': 1, 'sent': 1, 'sign': 2, 'trouble': 1, 've': 1, 'way': 1}",1
"[('GeekBilling-TEAM-901', '6441294023@dru.ac.th')]",Payment-Confirmation; Invoice-No# 430078 387.51 USD,"{'2021': 2, '21': 2, '387': 6, '430078': 2, '51': 6, '591': 4, '877': 4, '9759': 4, 'ac': 2, 'august': 2, 'authorization': 2, 'business': 2, 'contact': 2, 'details': 2, 'directly': 1, 'directlydru': 1, 'don': 2, 'dru': 1, 'email': 2, 'geeksquad': 2, 'geektech': 4, 'help': 2, 'id': 1, 'idtajz8ops310': 1, 'invoice': 4, 'mail_boundary': 1, 'manage': 1, 'message': 2, 'method': 1, 'methodonline': 1, 'need': 2, 'online': 1, 'paid': 2, 'payment': 8, 'receipt': 1, 'receiptmanage': 1, 'regarding': 2, 'reply': 2, 'solutions': 4, 'tajz8ops310': 1, 'th': 2, 'thank': 2, 'total': 2}",1
"[('monkey.org', 'sales@hident-dental.com')]",Your E-mail Rectification Request For jose@monkey.org,"{'08': 7, '16': 2, '17': 1, '19': 2, '20': 2, '2021': 7, '2021计划': 1, '203477': 1, '20th': 1, '2322': 1, '325': 1, 'admin': 1, 'apologize': 1, 'august': 1, 'aw': 1, 'awb': 1, 'copy': 1, 'covid': 1, 'date': 1, 'delivered': 1, 'desk': 1, 'emails': 1, 'encrypted': 1, 'error': 1, 'forwarded': 1, 'freight': 1, 'friday': 1, 'fw': 1, 'fwd': 1, 'help': 1, 'inbox': 2, 'inconvenience': 1, 'invoice': 1, 'invoices': 1, 'jose': 7, 'login': 1, 'mailbox': 1, 'mails': 1, 'measures': 1, 'message': 3, 'messages': 1, 'monkey': 9, 'org': 9, 'payment': 1, 'pending': 3, 'po': 1, 'portal': 1, 'quotation': 1, 'receive': 1, 'recieve': 1, 'recipient': 1, 'release': 1, 'report': 1, 'reserved': 1, 'rights': 1, 'safety': 1, 'sea': 1, 'server': 1, 'subject': 1, 'successful': 1, 'unsubscribe': 1, 'updated': 1, 'wish': 1, '关于启动司编制20': 1}",1
"[(' monkey.org', 'email@keysolution-it.com')]",Alert: Your Password has expired,"{'2021': 3, '24': 1, '25th': 1, '26th': 1, 'august': 2, 'auto': 1, 'confirm': 2, 'continue': 1, 'dear': 1, 'email': 2, 'expire': 1, 'hours': 1, 'jose': 1, 'kindly': 1, 'login': 1, 'mailbox': 1, 'malfunction': 1, 'monitored': 1, 'monkey': 3, 'note': 1, 'org': 3, 'password': 4, 'receive': 1, 'regards': 1, 'reply': 1, 'response': 2, 'responsible': 1, 'secured': 1, 'sent': 1, 'service': 1, 'support': 3, 'thanks': 1, 'time': 1, 'using': 1, 'verification': 1, 'warning': 1}",1
"[('Order update', 'ellahaljiopf@gmail.com')]",Renewal description,"{'16': 1, '1774447': 1, '1st': 2, '2021': 1, '2021purchase': 1, '264301': 1, '48623': 2, '49465': 2, '56183': 1, '561831617744472643011': 1, '569': 5, '61yrrfgfd60': 2, '85': 7, '851569': 1, '85payment569': 1, '85subtotal569': 1, '85the': 1, '85total569': 1, 'account': 2, 'appear': 2, 'charge': 2, 'contact': 2, 'description': 1, 'descriptionunit': 1, 'did': 2, 'fappleqorderphasabeenxprocessed': 2, 'fornyour': 2, 'hello': 2, 'hours': 2, 'id': 2, 'instructions': 2, 'jkhfyhfiyguiyhoijhoihiougiyfgutdftudutr': 2, 'mail_boundary': 1, 'merchantgfyuiuhkjhkj4553523253': 2, 'notohave': 2, 'order': 2, 'payment': 1, 'pinstructionsyfor5delivery': 2, 'place': 2, 'price': 1, 'priceqtyamountvicloudy10tb': 1, 'purchase': 1, 'qty': 1, 'september': 2, 'special': 2, 'storage': 2, 'subtotal': 1, 'thejdelivery': 2, 'total': 1, 'transaction': 2, 'unit': 1, 'unsubscribe_url': 2, 'upgrade': 1, 'upgrade569': 1, 'upto': 2, 'vicloudy': 4, 'vicloudy10tb': 1, 'yourwpaymentbof1569': 2}",1
"[('Account Payable', 'admin@virginia.edu')]",Re: Outstanding invoice reminder,"{'01': 2, '05': 2, '2009': 2, '2021': 4, 'addressee': 2, 'auto': 2, 'click': 4, 'confidential': 2, 'content': 4, 'copyright': 2, 'delete': 2, 'disclaimer': 2, 'email': 4, 'encryption': 5, 'error': 2, 'expire': 2, 'generated': 2, 'gmt': 2, 'info': 2, 'intended': 2, 'mail_boundary': 1, 'message': 14, 'notifcation': 2, 'notify': 2, 'pm': 2, 'proofpoint': 5, 'protection': 2, 'read': 4, 'received': 2, 'reply': 2, 'reserved': 2, 'rights': 2, 'secure': 4, 'secured': 2, 'securely': 2, 'security': 2, 'sender': 4, 'sent': 2, 'september': 2, 'simply': 2, 'solely': 2, 'technology': 2, 'use': 2, 'using': 2, 'view': 2}",1
"[('Account Payable', 'admin@virginia.edu')]",Re: Outstanding invoice reminder,"{'01': 2, '05': 2, '2009': 2, '2021': 4, 'addressee': 2, 'auto': 2, 'click': 4, 'confidential': 2, 'content': 4, 'copyright': 2, 'delete': 2, 'disclaimer': 2, 'email': 4, 'encryption': 5, 'error': 2, 'expire': 2, 'generated': 2, 'gmt': 2, 'info': 2, 'intended': 2, 'mail_boundary': 1, 'message': 14, 'notifcation': 2, 'notify': 2, 'pm': 2, 'proofpoint': 5, 'protection': 2, 'read': 4, 'received': 2, 'reply': 2, 'reserved': 2, 'rights': 2, 'secure': 4, 'secured': 2, 'securely': 2, 'security': 2, 'sender': 4, 'sent': 2, 'september': 2, 'simply': 2, 'solely': 2, 'technology': 2, 'use': 2, 'using': 2, 'view': 2}",1
"[('monkey.org  Admin', 'support@k2car.ro')]",Password for Your Email jose@monkey.org Expires Today,"{'00': 2, '12': 2, '2021': 4, '24': 2, 'account': 2, 'accounts': 2, 'app': 2, 'click': 2, 'continue': 2, 'current': 4, 'dear': 2, 'ensure': 2, 'expires': 2, 'hours': 2, 'interface': 2, 'jose': 6, 'kindly': 2, 'link': 2, 'mail_boundary': 1, 'mailbox': 2, 'monkey': 10, 'new': 2, 'note': 2, 'notification': 2, 'org': 10, 'password': 6, 'pm': 2, 'policy': 2, 'protection': 2, 'reserved': 2, 'rights': 2, 'shutting': 2, 'support': 4, 'tomorrow': 2, 'unverified': 2, 'upgrade': 2, 'using': 2, 'verification': 2, 'web': 4, 'work': 2}",1
"[('monkey.org Mailserver || Adminstrator-Update || Server.Inc.Service.Secured.Update.Org.Inc-Inc.com Routine-Check No-Reply-Update-Services monkey.org', 'tsigarideselectrical@cytanet.com.cy')]",⚠️ YOUR MAILBOX MEMORY IS ALMOST FULL: Message  Delivery Failed - Returning Message To  <jose@monkey.org>,"{'2021': 1, '25gb': 1, '98': 1, '99': 1, 'admin': 1, 'administrator': 1, 'attention': 1, 'click': 1, 'delete': 1, 'delivery': 1, 'email': 1, 'exceeded': 1, 'extra': 1, 'failed': 1, 'final': 1, 'folders': 1, 'follow': 1, 'free': 1, 'ignore': 1, 'inbox': 1, 'increase': 2, 'jose': 2, 'mail': 2, 'mails': 2, 'messages': 2, 'monkey': 3, 'notice': 1, 'org': 3, 'pending': 2, 'quota': 1, 'receive': 1, 'returned': 1, 'sent': 1, 'server': 1, 'source': 1, 'spam': 1, 'steps': 1, 'storage': 3, 'trash': 1, 'unwanted': 1, 'warning': 1, 'web': 1}",1
"[('Kailashsingh Kharayat', 'kailashsingh@teco.co.in')]",FW: Order Signed agreement,"{'011': 1, '22158705': 1, '367001': 1, '553mb': 1, '91': 1, '9867586495website': 1, 'ambition': 1, 'asap': 1, 'attached': 2, 'authorized': 1, 'automation': 1, 'big': 1, 'com': 1, 'company': 1, 'confidential': 1, 'conservation': 1, 'contact': 1, 'contain': 1, 'control': 1, 'convenience': 1, 'copies': 1, 'core': 1, 'customer': 1, 'dear': 1, 'delete': 1, 'disclosure': 1, 'distribution': 1, 'emissions': 1, 'energy': 1, 'file': 2, 'focus': 1, 'gear': 1, 'hello': 1, 'industrial': 1, 'innovationconfidentiality': 1, 'integrity': 1, 'intelligence': 1, 'intended': 2, 'items': 1, 'kailash': 1, 'kharayatteco': 1, 'late': 1, 'left': 1, 'mail': 2, 'manager': 2, 'material': 1, 'message': 1, 'motor': 1, 'new': 2, 'note': 1, 'onedrive': 2, 'order': 1, 'pdf': 1, 'personal': 1, 'ph': 1, 'po': 1, 'previous': 1, 'privileged': 1, 'prohibited': 1, 'provider': 1, 'purchase': 3, 'pvt': 1, 'reasons': 1, 'receive': 1, 'recipient': 3, 'reducerour': 1, 'reduction': 1, 'regards': 1, 'replacing': 1, 'reply': 2, 'revert': 1, 'review': 1, 'sender': 1, 'sgtotal': 1, 'singh': 1, 'sole': 1, 'solution': 1, 'sorry': 1, 'strictly': 1, 'teamwork': 1, 'teco': 1, 'thank': 1, 'uploaded': 2, 'use': 2, 'values': 1, 'vision': 1, 'www': 1, '智能': 1, '減排': 1, '節能': 1, '自動our': 1}",1
"[('Fax039262220@monkey.org', 'kennadi@ricetecmilling.com')]",".monkey.org/PaymntStub_Schedule for today Friday, September 10, 2021","{'01': 2, '04': 2, '10': 1, '2021': 1, '94': 2, '________________': 1, '________________nec': 1, '_____________encryption_': 2, 'accountpayable': 3, 'attachments': 2, 'confidential': 2, 'contained': 2, 'contains': 2, 'copy': 2, 'criminal': 2, 'data': 2, 'delete': 2, 'disclose': 2, 'disseminate': 2, 'documents': 2, 'efx': 2, 'embedded': 2, 'error': 2, 'fax': 2, 'federal': 2, 'friday': 1, 'gmt': 1, 'gmtsender': 1, 'including': 2, 'incoming': 2, 'information': 6, 'inmail': 2, 'intended': 2, 'interception': 2, 'inv03739483': 2, 'jose': 4, 'law': 2, 'mail': 2, 'mail_boundary': 1, 'mailto': 1, 'message': 6, 'messages': 2, 'monkey': 6, 'nec': 1, 'notice': 2, 'notify': 2, 'org': 5, 'orgreference': 1, 'paymntstub_schedule': 1, 'pm': 2, 'print': 2, 'received': 6, 'recipient': 4, 'record': 2, 'reference': 1, 'reply': 2, 'sender': 3, 'sent': 2, 'september': 1, 'strictly': 2, 'sv1100': 2, 'today': 1, 'transcript': 2, 'transmission': 2, 'unauthorized': 2, 'violation': 2}",1
"[('monkey.org', 'ContactUs@Geomedia.ca')]",jose@monkey.org have stopped processing incoming emails.,"{'14': 1, '15': 1, '2021': 1, '22': 1, 'account': 4, 'click': 1, 'copyright': 1, 'date': 1, 'email': 1, 'emails': 1, 'incoming': 1, 'jose': 1, 'monkey': 2, 'need': 1, 'org': 2, 'processing': 1, 'required': 1, 'services': 1, 'stopped': 1, 'use': 1, 'verify': 3}",1
"[('monkey.org Service', 'secure@reverent-wiles.188-166-186-137.plesk.page')]",[Ticket#202108194699071] Unreceived mails for jose@monkey.org.,"{'13': 1, '16': 1, '20': 1, '2021': 2, '52': 1, 'caused': 1, 'emails': 1, 'harmful': 1, 'hi': 1, 'inbox': 1, 'jose': 1, 'mail': 1, 'malware': 1, 'messages': 1, 'monkey': 1, 'org': 1, 'rectify': 1, 'release': 1, 'reserved': 1, 'rights': 1, 'service': 2, 'unreceived': 1}",1
"[('monkey.org', 'taborjhenjhen@hotmail.com')]","✅ Action Required! Mailbox Closure  Friday, September 24, 2021 4:33 p.m. ""jose@monkey.org""","{'2021': 2, '24': 1, 'account': 2, 'address': 1, 'avoid': 1, 'box': 1, 'continue': 1, 'dear': 1, 'email': 2, 'expire': 1, 'files': 1, 'immediately': 2, 'jose': 2, 'lock': 1, 'lost': 1, 'mail': 1, 'messages': 1, 'monkey': 4, 'need': 1, 'org': 4, 'prevent': 1, 'provider': 1, 'reserved': 1, 'rights': 1, 'terminating': 1, 'upgrade': 2, 'using': 1, 'verify': 2, 'want': 1}",1
"[('Charles W jackson jr', 'reports@elizur.com')]",Your Smarsh Email Encryption Activation Information,"{'06': 6, '19': 6, '2021': 12, '21': 2, '24': 6, '30': 6, '37': 6, '46': 6, '54': 6, '759e9a326582993e': 3, 'account': 8, 'activación': 1, 'activation': 2, 'afin': 1, 'aide': 2, 'allez': 1, 'antes': 2, 'aquí': 2, 'arrive': 1, 'asunto': 2, 'automatique': 1, 'avant': 2, 'ayuda': 2, 'besoin': 1, 'boîte': 1, 'brand': 6, 'branding': 6, 'buzón': 1, 'caduca': 1, 'caducidad': 1, 'caduque': 3, 'car': 1, 'ce': 4, 'ceci': 1, 'cette': 1, 'charles': 12, 'ci': 2, 'cid_300627_ext': 9, 'cifrado': 1, 'clic': 4, 'click': 3, 'cliquez': 3, 'collect': 2, 'com': 15, 'compte': 8, 'consultez': 2, 'context': 6, 'correo': 3, 'creada': 2, 'crear': 4, 'create': 4, 'created': 2, 'crypté': 1, 'créer': 4, 'créé': 2, 'cuenta': 8, 'dans': 2, 'day': 2, 'default': 12, 'del': 2, 'dessous': 2, 'directamente': 2, 'directement': 2, 'directly': 2, 'discarded': 1, 'du': 2, 'définitivement': 1, 'días': 2, 'edt': 4, 'el': 3, 'electrónico': 3, 'eliminado': 1, 'elizur': 6, 'email': 33, 'en': 6, 'en_us': 1, 'encrypted': 2, 'encryption': 25, 'english': 1, 'enterprise': 3, 'enviado': 4, 'envoyé': 4, 'es': 1, 'es_es': 1, 'españa': 1, 'español': 1, 'est': 1, 'este': 6, 'et': 2, 'expiration': 4, 'expires': 4, 'expiry': 1, 'expiré': 1, 'fois': 3, 'fr_fr': 1, 'france': 1, 'français': 1, 'generado': 1, 'generated': 1, 'gratuit': 2, 'gratuita': 2, 'ha': 2, 'haga': 4, 'help': 14, 'htm': 6, 'html': 9, 'https': 9, 'ici': 2, 'il': 3, 'index': 6, 'información': 1, 'information': 1, 'informations': 1, 'jackson': 12, 'jose': 6, 'jours': 2, 'jr': 12, 'la': 3, 'le': 7, 'leer': 2, 'left': 2, 'les': 2, 'lien': 1, 'ligne': 1, 'link': 1, 'lire': 2, 'locale': 3, 'login': 3, 'los': 2, 'mail_boundary': 1, 'manera': 1, 'medio': 1, 'mensaje': 10, 'mensajes': 2, 'message': 23, 'messages': 4, 'monkey': 6, 'msguserid': 3, 'ne': 1, 'necesita': 1, 'need': 1, 'new': 2, 'objet': 2, 'october': 2, 'octobre': 2, 'octubre': 2, 'online': 1, 'org': 6, 'pantalla': 1, 'par': 1, 'para': 9, 'pas': 2, 'permanente': 1, 'permanently': 1, 'pm': 4, 'podrá': 2, 'por': 2, 'porque': 1, 'pour': 8, 'pourrez': 2, 'que': 7, 'quedan': 2, 'ramasser': 2, 'read': 2, 'receive': 2, 'recevez': 2, 'reciba': 2, 'recibir': 1, 'removed': 1, 'replies': 1, 'reply': 1, 'reports': 6, 'responda': 1, 'reste': 2, 'revisa': 1, 'rrregcode': 3, 'répondre': 1, 'se': 1, 'securemail': 9, 'seguro': 1, 'sent': 4, 'september': 2, 'septembre': 2, 'septiembre': 2, 'sera': 1, 'server': 1, 'serveur': 1, 'servidor': 1, 'será': 1, 'siguiente': 2, 'sistema': 1, 'smarsh': 25, 'smarshbusinesscloud': 9, 'states': 1, 'su': 5, 'subject': 2, 'supprimé': 1, 'sur': 3, 'sécurisé': 2, 't94cjphz': 3, 'través': 1, 'una': 6, 'une': 4, 'united': 1, 'url': 3, 've': 2, 'ver': 6, 'veuillez': 1, 'vez': 3, 'view': 4, 'visit': 3, 'visite': 2, 'voir': 4, 'votre': 9, 'vous': 8, 'vérifiée': 1, 'vínculo': 1, 'été': 1}",1
"[('monkey.org', 'secured@sleepy-snyder.178-62-125-171.plesk.page')]",monkey.org Expiration/Request=26,"{'continue': 1, 'current': 1, 'expire': 1, 'jose': 2, 'josethe': 1, 'monkey': 3, 'org': 1, 'orgid': 1, 'orgkeep': 1, 'pa': 1, 'password': 2, 'ssword': 1, 'today': 1, 'use': 1}",1
"[('', 'jose@monkey.org')]",Your email < jose@monkey.org > is 98% full. Add Up Space Now!!,"{'100': 1, '99': 1, 'add': 2, 'changes': 1, 'email': 1, 'jose': 2, 'mail': 1, 'mailbox': 1, 'monkey': 2, 'necessary': 1, 'notice': 1, 'org': 2, 'quota': 1, 'recent': 1, 'space': 3, 'upgrade': 1}",1
"[('Charles W jackson jr', 'reports@elizur.com')]",Your Smarsh Email Encryption Activation Information,"{'06': 6, '16': 6, '19': 6, '2021': 12, '21': 2, '24': 6, '37': 6, '46': 6, '54': 6, '759e9a326582993e': 3, 'account': 8, 'afin': 1, 'aide': 2, 'allez': 1, 'antes': 2, 'aquí': 2, 'arrive': 1, 'asunto': 2, 'automatique': 1, 'avant': 2, 'ayuda': 2, 'besoin': 1, 'boîte': 1, 'brand': 6, 'branding': 6, 'buzón': 1, 'caduca': 1, 'caducidad': 1, 'caduque': 3, 'car': 1, 'ce': 4, 'ceci': 1, 'cette': 1, 'charles': 12, 'ci': 2, 'cid_300627_ext': 9, 'cifrado': 1, 'clic': 4, 'click': 3, 'cliquez': 3, 'collect': 2, 'com': 15, 'compte': 8, 'consultez': 2, 'context': 6, 'correo': 3, 'creada': 2, 'crear': 4, 'create': 4, 'created': 2, 'crypté': 1, 'créer': 4, 'créé': 2, 'cuenta': 8, 'dans': 2, 'day': 2, 'default': 12, 'del': 2, 'dessous': 2, 'directamente': 2, 'directement': 2, 'directly': 2, 'discarded': 1, 'du': 2, 'définitivement': 1, 'días': 2, 'edt': 4, 'el': 3, 'electrónico': 3, 'eliminado': 1, 'elizur': 6, 'email': 33, 'en': 6, 'en_us': 1, 'encrypted': 2, 'encryption': 25, 'english': 1, 'enterprise': 3, 'enviado': 4, 'envoyé': 4, 'es': 1, 'es_es': 1, 'españa': 1, 'español': 1, 'est': 1, 'este': 6, 'et': 2, 'expiration': 4, 'expires': 4, 'expiry': 1, 'expiré': 1, 'fois': 3, 'fr_fr': 1, 'france': 1, 'français': 1, 'generado': 1, 'generated': 1, 'gratuit': 2, 'gratuita': 2, 'ha': 2, 'haga': 4, 'help': 14, 'htm': 6, 'html': 9, 'https': 9, 'ici': 2, 'il': 3, 'index': 6, 'información': 1, 'information': 1, 'informations': 1, 'jackson': 12, 'jose': 6, 'jours': 2, 'jr': 12, 'la': 3, 'le': 7, 'leer': 2, 'left': 2, 'les': 2, 'lien': 1, 'ligne': 1, 'link': 1, 'lire': 2, 'locale': 3, 'login': 3, 'los': 2, 'mail_boundary': 1, 'manera': 1, 'medio': 1, 'mensaje': 10, 'mensajes': 2, 'message': 23, 'messages': 4, 'monkey': 6, 'msguserid': 3, 'ne': 1, 'necesita': 1, 'need': 1, 'new': 2, 'objet': 2, 'october': 2, 'octobre': 2, 'octubre': 2, 'online': 1, 'org': 6, 'pantalla': 1, 'par': 1, 'para': 9, 'pas': 2, 'permanente': 1, 'permanently': 1, 'pm': 4, 'podrá': 2, 'por': 2, 'porque': 1, 'pour': 8, 'pourrez': 2, 'que': 7, 'quedan': 2, 'ramasser': 2, 'read': 2, 'receive': 2, 'recevez': 2, 'reciba': 2, 'recibir': 1, 'recovery': 1, 'recuperación': 1, 'removed': 1, 'replies': 1, 'reply': 1, 'reports': 6, 'responda': 1, 'reste': 2, 'revisa': 1, 'rrregcode': 3, 'récupération': 1, 'répondre': 1, 'se': 1, 'securemail': 9, 'seguro': 1, 'sent': 4, 'september': 2, 'septembre': 2, 'septiembre': 2, 'sera': 1, 'server': 1, 'serveur': 1, 'servidor': 1, 'será': 1, 'siguiente': 2, 'sistema': 1, 'smarsh': 25, 'smarshbusinesscloud': 9, 'states': 1, 'su': 5, 'subject': 2, 'supprimé': 1, 'sur': 2, 'sécurisé': 2, 't94cjphz': 3, 'través': 1, 'una': 6, 'une': 4, 'united': 1, 'url': 3, 've': 2, 'ver': 6, 'veuillez': 1, 'vez': 3, 'view': 4, 'visit': 3, 'visite': 2, 'voir': 4, 'votre': 9, 'vous': 8, 'vérifiée': 1, 'vínculo': 1, 'été': 1}",1
"[('Service Updates', 'info@geek-squadservices106.co')]",lnvoice of Malwar-Bytes Essential #ATS07-6052549,"{'04': 2, '07': 4, '0934': 2, '135': 2, '2021': 4, '2022': 2, '434': 2, '48': 2, '542': 2, '6052549': 2, '62': 2, '888': 2, 'antlvlrus': 2, 'ats07': 2, 'automaticaiiy': 2, 'byte': 2, 'bytes': 2, 'cancel': 2, 'change': 2, 'confirms': 2, 'copyright': 2, 'date': 2, 'dear': 2, 'device': 2, 'devices': 2, 'emaii': 2, 'essential': 2, 'img': 1, 'ios': 2, 'jose': 2, 'ld': 2, 'learn': 2, 'mac': 2, 'mail_boundary': 1, 'malware': 4, 'method': 2, 'monkey': 2, 'new': 2, 'oct': 4, 'online': 2, 'org': 2, 'payment': 2, 'pc': 2, 'plan': 8, 'poiicy': 2, 'price': 2, 'privacy': 2, 'quantity': 2, 'reaching': 2, 'recelpt': 2, 'regards': 2, 'renew': 2, 'renewal': 2, 'reserved': 2, 'rights': 2, 'saie': 2, 'security': 2, 'software': 2, 'summary': 2, 'team': 4, 'terms': 2, 'time': 2, 'upgrade': 2, 'year': 6}",1
"[('WeTransfer', 'info@softsourc.com')]",File will expire soon-15676127,"{'10th': 1, '2021': 1, '915': 1, 'add': 1, 'arrive': 1, 'click': 1, 'com': 1, 'contacts': 1, 'deleted': 1, 'download': 2, 'emails': 1, 'file': 1, 'files': 3, 'images': 1, 'imagesjose': 1, 'just': 1, 'kb': 1, 'make': 1, 'monkey': 1, 'noreply': 1, 'october': 1, 'org': 1, 'received': 1, 'sure': 1, 'total': 1, 'view': 1, 'wetransfer': 2}",1
"[('Admin', 'no-reply@caterpillarkids.in')]",Server Notification,"{'account': 1, 'confirm': 1, 'continue': 1, 'email': 2, 'hello': 1, 'jose': 2, 'mail': 1, 'monkey': 2, 'note': 1, 'org': 2, 'required': 1, 'send': 1, 'sincerely': 1, 'support': 1, 'team': 1, 'using': 2, 'verification': 1, 'verify': 1}",1
"[('Chua', 'taratours@mts.rs')]",Review Invoice,"{'automatically': 1, 'created': 1, 'dear': 1, 'document': 1, 'electronic': 1, 'email': 2, 'holds': 1, 'invoice': 2, 'jose': 2, 'letter': 1, 'link': 1, 'message': 1, 'monkey': 4, 'notice': 1, 'org': 4, 'people': 1, 'review': 2, 'secure': 1, 'sent': 2, 'server': 1, 'service': 1, 'sign': 2, 'signature': 1, 'view': 1}",1
"[('monkey.org Administrator', 'server@hrncasia.com')]",You have [2] Pending Delivery On Your e-Mail Portal,"{'00am': 1, '02': 2, '04': 1, '07': 2, '10': 2, '17': 1, '18': 2, '2021': 2, '43': 1, '48': 1, 'anti': 1, 'asiato': 1, 'attached': 1, 'bestmktvone': 1, 'blacklist': 1, 'box': 1, 'chen': 1, 'delete': 2, 'deliver': 2, 'email': 1, 'folder': 1, 'generated': 1, 'hardmoles': 1, 'inbox': 1, 'info': 1, 'inv006785': 1, 'invoice': 1, 'jalan': 1, 'jose': 4, 'julie': 1, 'login': 1, 'mail': 1, 'mailbox': 2, 'manage': 1, 'message': 1, 'miss': 1, 'monkey': 4, 'org': 4, 'outstanding': 1, 'payment': 1, 'purchase': 1, 'quarantine': 3, 'ramie': 1, 'report': 1, 'ruto': 1, 's001': 1, 'sales': 1, 'sender': 1, 'spam': 4, 'summary': 1, 'update': 1, 'view': 1, 'voucher': 1, 'whitelist': 2}",1
"[('OneDrive', 'no-reply@hpsuplacement.org.au')]","A document titled ""Proposal"" has been shared with you on Onedrive","{'2021': 1, '48': 1, 'auto': 1, 'button': 1, 'click': 1, 'deleted': 1, 'document': 4, 'email': 1, 'generated': 1, 'hours': 1, 'notification': 1, 'onedrive': 4, 'patents': 2, 'pending': 1, 'proposal': 1, 'reserved': 1, 'rights': 1, 'server': 1, 'shared': 2, 'team': 1, 'titled': 1, 'unchecked': 1, 'view': 2}",1
"[('WeTransfer', 'info@slimexo.com')]",File will expire soon-56830367,"{'2021': 1, '27th': 1, '915': 1, 'add': 1, 'arrive': 1, 'click': 1, 'com': 1, 'contacts': 1, 'deleted': 1, 'download': 2, 'emails': 1, 'file': 1, 'files': 3, 'images': 1, 'imagesjose': 1, 'just': 1, 'kb': 1, 'make': 1, 'monkey': 1, 'noreply': 1, 'october': 1, 'org': 1, 'received': 1, 'sure': 1, 'total': 1, 'view': 1, 'wetransfer': 2}",1
"[('Charles W jackson jr', 'reports@elizur.com')]",Your Smarsh Email Encryption Activation Information,"{'06': 6, '19': 6, '2021': 12, '21': 2, '24': 6, '37': 6, '46': 6, '54': 6, '759e9a326582993e': 3, 'account': 8, 'afin': 1, 'aide': 2, 'allez': 1, 'antes': 2, 'aquí': 2, 'arrive': 1, 'asunto': 2, 'automatique': 1, 'avant': 2, 'ayuda': 2, 'besoin': 1, 'boîte': 1, 'brand': 6, 'branding': 6, 'buzón': 1, 'caduca': 1, 'caducidad': 1, 'caduque': 3, 'car': 1, 'ce': 4, 'ceci': 1, 'cette': 1, 'charles': 12, 'ci': 2, 'cid_300627_ext': 9, 'cifrado': 1, 'clic': 4, 'click': 3, 'cliquez': 3, 'collect': 2, 'com': 15, 'compte': 8, 'consultez': 2, 'context': 6, 'correo': 3, 'creada': 2, 'crear': 4, 'create': 4, 'created': 2, 'crypté': 1, 'créer': 4, 'créé': 2, 'cuenta': 8, 'dans': 2, 'day': 2, 'default': 12, 'del': 2, 'dessous': 2, 'directamente': 2, 'directement': 2, 'directly': 2, 'discarded': 1, 'du': 2, 'définitivement': 1, 'días': 2, 'edt': 4, 'el': 3, 'electrónico': 3, 'eliminado': 1, 'elizur': 6, 'email': 33, 'en': 6, 'en_us': 1, 'encrypted': 2, 'encryption': 25, 'english': 1, 'enterprise': 3, 'enviado': 4, 'envoyé': 4, 'es': 1, 'es_es': 1, 'españa': 1, 'español': 1, 'est': 1, 'este': 6, 'et': 2, 'expiration': 4, 'expires': 4, 'expiry': 1, 'expiré': 1, 'fois': 3, 'fr_fr': 1, 'france': 1, 'français': 1, 'generado': 1, 'generated': 1, 'gratuit': 2, 'gratuita': 2, 'ha': 2, 'haga': 4, 'help': 14, 'htm': 6, 'html': 9, 'https': 9, 'ici': 2, 'il': 3, 'index': 6, 'información': 1, 'information': 1, 'informations': 1, 'jackson': 12, 'jose': 6, 'jours': 2, 'jr': 12, 'la': 3, 'le': 7, 'leer': 2, 'left': 2, 'les': 2, 'lien': 1, 'ligne': 1, 'link': 1, 'lire': 2, 'locale': 3, 'login': 3, 'los': 2, 'mail_boundary': 1, 'manera': 1, 'medio': 1, 'mensaje': 10, 'mensajes': 2, 'message': 23, 'messages': 4, 'monkey': 6, 'msguserid': 3, 'ne': 1, 'necesita': 1, 'need': 1, 'new': 2, 'objet': 2, 'october': 2, 'octobre': 2, 'octubre': 2, 'online': 1, 'org': 6, 'pantalla': 1, 'par': 1, 'para': 9, 'pas': 2, 'permanente': 1, 'permanently': 1, 'pm': 4, 'podrá': 2, 'por': 2, 'porque': 1, 'pour': 8, 'pourrez': 2, 'que': 7, 'quedan': 2, 'ramasser': 2, 'read': 2, 'receive': 2, 'recevez': 2, 'reciba': 2, 'recibir': 1, 'recovery': 1, 'recuperación': 1, 'removed': 1, 'replies': 1, 'reply': 1, 'reports': 6, 'responda': 1, 'reste': 2, 'revisa': 1, 'rrregcode': 3, 'récupération': 1, 'répondre': 1, 'se': 1, 'securemail': 9, 'seguro': 1, 'sent': 4, 'september': 2, 'septembre': 2, 'septiembre': 2, 'sera': 1, 'server': 1, 'serveur': 1, 'servidor': 1, 'será': 1, 'siguiente': 2, 'sistema': 1, 'smarsh': 25, 'smarshbusinesscloud': 9, 'states': 1, 'su': 5, 'subject': 2, 'supprimé': 1, 'sur': 2, 'sécurisé': 2, 't94cjphz': 3, 'través': 1, 'una': 6, 'une': 4, 'united': 1, 'url': 3, 've': 2, 'ver': 6, 'veuillez': 1, 'vez': 3, 'view': 4, 'visit': 3, 'visite': 2, 'voir': 4, 'votre': 9, 'vous': 8, 'vérifiée': 1, 'vínculo': 1, 'été': 1}",1
"[('monkey.org', 'service@notice.alibaba.com')]",verify,"{'24hrs': 1, 'avoid': 1, 'box': 1, 'click': 1, 'continue': 2, 'hi': 1, 'jose': 1, 'link': 1, 'mail': 1, 'microsοft': 1, 'needs': 1, 'privαcy': 2, 'respects': 1, 'review': 1, 'service': 1, 'shutdown': 1, 'statemen': 1, 'thanks': 1, 'use': 1, 'using': 1, 'verified': 1, 'οnline': 1}",1
"[('We Transfer', 'postmaster@arkema.me')]",2 new files sent via We-Transfer for jose@monkey.org,"{'17': 1, '2021': 1, '228b3bwettransfr': 1, '7b03bb5bdae767a200bc6fa28b3c2f9120210602002229': 1, '7c6ca5e66b2c2354c46e58f7e86a47fe20210602002229': 1, '96': 1, 'add': 1, 'arrive': 1, 'com': 2, 'contacts': 1, 'download': 2, 'downloads': 1, 'emails': 1, 'expires': 1, 'files': 2, 'help': 1, 'https': 1, 'items': 2, 'jose': 1, 'legal': 1, 'link': 1, 'make': 1, 'mb': 1, 'monkey': 1, 'noreply': 1, 'november': 1, 'org': 1, 'pw': 1, 'report': 1, 'sent': 1, 'spam': 1, 'sure': 1, 'total': 1, 'transfer': 1, 'wetransfer': 3}",1
"[('Paypal', 'paypal.invoice5454@gmail.com')]",Payment Completed.,"{'00': 12, '03': 2, '06': 2, '09': 4, '13': 2, '1640': 6, '1999': 2, '2021': 6, '2211': 2, '37': 2, '638': 12, '742': 6, '833': 6, '89be87shh': 2, '95131': 2, 'appear': 2, 'authorize': 2, 'authorized': 2, 'business': 2, 'ca': 2, 'center': 2, 'charge': 4, 'check': 2, 'click': 2, 'com': 2, 'complaint': 2, 'contact': 4, 'copyright': 2, 'customer': 6, 'date': 6, 'days': 4, 'description': 3, 'descriptionunit': 1, 'detailed': 2, 'did': 2, 'dispute': 2, 'don': 2, 'email': 4, 'free': 2, 'hello': 2, 'help': 2, 'id': 2, 'information': 2, 'invoice': 4, 'issues': 2, 'jose': 8, 'learn': 2, 'located': 2, 'mail_address': 2, 'mail_boundary': 1, 'mini': 2, 'monkey': 6, 'nov': 4, 'online': 2, 'open': 4, 'order': 2, 'org': 6, 'pad': 2, 'pay': 2, 'payment': 10, 'paypal': 12, 'price': 1, 'priceqtyamount': 1, 'qty': 1, 'reached': 4, 'received': 2, 'registered': 2, 'reply': 2, 'reserved': 2, 'resolution': 2, 'rights': 2, 'san': 2, 'sent': 4, 'service': 6, 'ss': 2, 'st': 2, 'statement': 2, 'store': 4, 'subtotal': 2, 'sure': 2, 'toll': 2, 'total': 2, 'touch': 2, 'transaction': 8, 'tuesday': 2, 'unit': 1, 'usd': 11, 'usd1': 1, 'walmart': 8}",1
"[('', 'baba.s@ap.nrrs.net')]",monkey.org Server Warning!!!  (4) Pending  undelivered mails for jose@monkey.org,"{'1993': 1, '2008': 1, '2021': 1, 'accepts': 1, 'account': 1, 'act': 2, 'addressee': 1, 'admin': 1, 'attachment': 2, 'attachments': 3, 'buy': 1, 'caused': 1, 'caution': 1, 'check': 1, 'click': 1, 'com': 1, 'company': 1, 'computer': 1, 'confidential': 1, 'contact': 1, 'contain': 1, 'contained': 1, 'content': 1, 'copies': 1, 'copy': 1, 'copyrights': 1, 'created': 1, 'criminal': 1, 'cycle': 1, 'damage': 1, 'dear': 1, 'delay': 1, 'delayed': 1, 'delivery': 1, 'destroy': 1, 'detected': 1, 'disclaimer': 1, 'distribute': 1, 'email': 8, 'encrypted': 1, 'error': 1, 'errors': 2, 'exclusive': 1, 'features': 1, 'fees': 1, 'fix': 1, 'help': 1, 'human': 1, 'imap': 1, 'immediately': 1, 'inbox': 4, 'incoming': 2, 'information': 3, 'infringement': 1, 'intended': 2, 'intercepting': 1, 'jose': 3, 'know': 2, 'liability': 1, 'links': 1, 'listed': 1, 'log': 1, 'mail': 2, 'message': 2, 'messages': 3, 'monkey': 3, 'note': 1, 'notification': 1, 'notify': 1, 'nrrs': 1, 'offense': 1, 'online': 1, 'open': 1, 'org': 3, 'organization': 1, 'originated': 1, 'outside': 1, 'pending': 1, 'pop3': 1, 'portal': 1, 'privacy': 1, 'privileged': 1, 'proceed': 1, 'products': 1, 'proprietary': 1, 'receiving': 1, 'recipient': 2, 'recognize': 1, 'recover': 1, 'rights': 1, 'safe': 1, 'secured': 1, 'security': 1, 'sender': 2, 'server': 1, 'settings': 1, 'technology': 1, 'time': 1, 'transmitted': 2, 'treated': 1, 'unauthorized': 1, 'undelivered': 4, 'unless': 1, 'use': 2, 'virus': 1, 'viruses': 2, 'visit': 2, 'warning': 1, 'www': 2}",1
"[('monkey.org Mail', 'jose@globeiron.cam')]",Warning: Low storage in jose@monkey.org - 13 Emails Pending,"{'13': 1, '2021': 1, '24hοurs': 1, 'accοunt': 1, 'cοntinue': 1, 'deactιvated': 1, 'deαctιvatιοn': 1, 'emails': 1, 'emαil': 1, 'exceeded': 1, 'free': 1, 'hαs': 1, 'incoming': 1, 'increase': 1, 'jose': 1, 'kιndly': 1, 'limit': 2, 'low': 1, 'maιlbox': 1, 'monkey': 3, 'mαilbοx': 1, 'nοte': 1, 'org': 3, 'pending': 1, 'placed': 1, 'reserved': 1, 'rιghts': 1, 'rιsk': 1, 'size': 1, 'storage': 2, 'stοrage': 1, 'subj': 1, 'thιs': 1, 'upgrade': 1, 'using': 1, 'verifιcatiοn': 1, 'yοur': 2, 'αccοunt': 1, 'αll': 1, 'αllοcαted': 1}",1
"[('monkey.org', 'mujihotel@mh-beijing.com')]",New mail from monkey.org sever,"{'11': 1, '2020': 1, '2021': 1, '25': 1, '26': 1, '48': 1, 'access': 1, 'connected': 1, 'corporation': 1, 'denied': 1, 'email': 2, 'expiring': 1, 'jose': 2, 'mail': 1, 'mailbox': 1, 'monkey': 4, 'notification': 1, 'org': 4, 'password': 3, 'required': 1, 'reserved': 1, 'rights': 1, 'server': 2, 'updatedear': 1, 'use': 1}",1
"[('monkey.org Security', 'rmcqueen@themcqueenacademy.com')]",Your Email jose@monkey.org  will be De-activated.,"{'2021': 2, '72': 1, 'apologize': 1, 'app': 1, 'click': 1, 'client': 1, 'dear': 1, 'email': 1, 'hours': 1, 'htmlwe': 1, 'http': 1, 'inbox': 1, 'incoming': 1, 'inconvenience': 1, 'increase': 1, 'interface': 1, 'jose': 3, 'kindly': 2, 'link': 3, 'loginempty': 1, 'mail': 2, 'mailbox': 3, 'messages': 1, 'monkey': 5, 'new': 1, 'note': 1, 'notification': 1, 'org': 6, 'pending': 1, 'placed': 1, 'policy': 1, 'portal': 1, 'quota': 1, 'recent': 1, 'reserved': 1, 'rights': 1, 'service': 1, 'sln29338': 1, 'support': 2, 'team': 1, 'thanksmonkey': 1, 'upgrade': 1, 'validate': 1, 'verification': 1, 'web': 2, 'work': 1, 'wp': 1}",1
"[('monkey.org', 'administrator@monkey.org')]",Verify your account jose@monkey.org,"{'10': 1, '12': 1, '16': 1, '19': 1, '2021': 1, 'able': 1, 'account': 4, 'action': 1, 'admin': 2, 'automatically': 1, 'centers': 1, 'check': 1, 'completed': 1, 'customers': 1, 'dear': 1, 'deleted': 1, 'email': 1, 'features': 1, 'information': 3, 'installed': 1, 'jose': 2, 'mail': 1, 'monkey': 5, 'new': 2, 'org': 5, 'page': 1, 'process': 1, 'recently': 1, 'require': 1, 'security': 1, 'sent': 1, 'taken': 1, 'thanks': 1, 'update': 3, 'use': 1, 'user': 1}",1
"[('monkey.org', 'postmaster@calbaq.com')]",12  Messages Pending,"{'____________________________________________________': 1, '______________________________________________________________________': 1, 'address': 2, 'communication': 1, 'delivery': 3, 'email': 3, 'gateway': 1, 'gsuite': 1, 'hours': 1, 'inbox': 1, 'incoming': 1, 'isp': 1, 'jose': 5, 'login': 1, 'longer': 1, 'mail_boundary': 1, 'mandatory': 1, 'manner': 1, 'messages': 1, 'monkey': 6, 'new': 1, 'normal': 1, 'note': 1, 'office365': 1, 'org': 6, 'page': 1, 'password': 1, 'pending': 1, 'queued': 1, 'receive': 1, 'required': 1, 'restore': 1, 'secure': 1, 'servers': 1, 'service': 1, 'sincerely': 1, 'sure': 1, 'test': 1, 'unsubscribe': 1, 'validate': 3, 'validated': 2, 'wish': 1, 'workingin': 1}",1
"[('monkey.org', 'postmaster@mailsrv.email')]",13  Messages Pending,"{'____________________________________________________': 1, '______________________________________________________________________': 1, 'address': 2, 'communication': 1, 'delivery': 3, 'email': 3, 'gateway': 1, 'gsuite': 1, 'hours': 1, 'inbox': 1, 'incoming': 1, 'isp': 1, 'jose': 5, 'login': 1, 'longer': 1, 'mail_boundary': 1, 'mandatory': 1, 'manner': 1, 'messages': 1, 'monkey': 6, 'new': 1, 'normal': 1, 'note': 1, 'office365': 1, 'org': 6, 'page': 1, 'password': 1, 'pending': 1, 'queued': 1, 'receive': 1, 'required': 1, 'restore': 1, 'secure': 1, 'servers': 1, 'service': 1, 'sincerely': 1, 'sure': 1, 'test': 1, 'unsubscribe': 1, 'validate': 3, 'validated': 2, 'wish': 1, 'workingin': 1}",1
"[('OneDrive', 'contacts@driveteams.com')]","A document titled ""Proposal"" has been shared with you on Onedrive","{'2021': 1, '48': 1, 'auto': 1, 'button': 1, 'click': 1, 'deleted': 1, 'document': 4, 'email': 1, 'generated': 1, 'hours': 1, 'notification': 1, 'onedrive': 4, 'patents': 2, 'pending': 1, 'proposal': 1, 'reserved': 1, 'rights': 1, 'server': 1, 'shared': 2, 'team': 1, 'titled': 1, 'unchecked': 1, 'view': 2}",1
"[('', 'DHL-PACKAGE-DHL-SHIPMENT-EXPRESS-TRACKING-PARCEL@selfserviceib.com')]",DHL Shipment Notification : 6540674221,"{'48': 1, '65': 1, '6540674221': 1, '9467957950': 1, 'apps': 1, 'click': 1, 'com': 1, 'costs': 1, 'customer': 1, 'dear': 1, 'delivered': 1, 'dhl': 3, 'dhltrack': 1, 'email': 1, 'express': 1, 'fees': 1, 'hours': 1, 'informs': 1, 'instructions': 1, 'orderhttps': 1, 'package': 1, 'paid': 2, 'period': 1, 'recover': 1, 'returned': 1, 'sender': 1, 'shipment': 1, 'soon': 1, 'status': 1, 'support': 1, 'team': 1, 'usd': 1, 'view': 1, 'waiting': 1}",1
"[('Amazon.co.jp', 'support-amazon.jp@cmdsxjy.cn')]",【Amazon】アカウント情報を時間内に更新してください,"{'106': 2, '109': 2, '170': 2, '1996': 2, '2021': 2, '252': 2, '36': 2, '4103': 2, '537': 2, '83': 2, '84': 2, 'affiliates': 2, 'amazon': 4, 'amazonのまたのご利用をお待ちしております': 2, 'android': 2, 'ane': 2, 'applewebkit': 2, 'build': 2, 'chrome': 2, 'gecko': 2, 'huaweiane': 2, 'ipアドレス': 2, 'khtml': 2, 'like': 2, 'linux': 2, 'lx2j': 4, 'mail_boundary': 1, 'mobile': 2, 'mozilla': 2, 'version': 2, 'wv': 2, 'お客様': 2, 'よろしくお願い申し上げます': 2, 'アカウント情報を更新する': 2, 'デバイス': 2, 'モスクワ': 2, 'ロシア': 2, '何卒': 2, '問題を解決するために下記より至急パスワードの変更と登録情報の更新を行ってください': 2, '場所': 2, '安全のためお客様のamazonアカウントは現在セキュリティシステムによって一時的に停止されています': 2, '本件についてご迷惑をおかけしましたことをお詫び申し上げます': 2, '誰かがあなたのamazonアカウントにログインして商品を購入しようとしていることに注意してください': 2}",1
